id,domain,status,purchase_price,renewal_price,attractiveness,demand,length,registrar,created_at,expires_at,status_verified_at
7fb509d4-a63b-4608-964a-dc2961598d42,nose.school,available,9.99,,high,low,4,name.com,,,
09d611ee-37e1-4dd0-a846-ef5ebf1b71ce,darkening.school,available,9.99,46.99,medium,low,9,name.com,,,13/08/2026 18:10
a5772ab7-99e4-495f-bb4a-da7a984b4178,exhusband.school,available,9.99,46.99,medium,low,10,name.com,,,17/08/2026 15:21
267a6406-cbff-43a4-a79a-03079bda5fc1,picker.school,available,38.48,49.98,medium,low,6,namecheap,,,24/09/2026 14:45
a82e634a-2dc1-4339-8365-f66ed7ef8556,gives.school,available,38.48,49.98,medium,low,5,namecheap,,,18/09/2026 13:54
cd43c203-e3cc-4f2f-982f-260ccc1c8cbf,awakened.school,available,36.49,36.49,high,low,8,namesilo,,,22/09/2026 14:47
4e729de4-e02b-448b-8b93-7cc1cb421383,unsafe.school,available,9.99,46.99,high,low,6,name.com,,,13/08/2026 17:17
9bfae366-9ce8-4007-96be-c57bab4ba854,bleached.school,available,9.99,46.99,medium,low,8,name.com,,,10/08/2026 13:52
d453d7fd-666b-4e9b-892d-aec84b9e6d58,foldaway.school,available,9.99,46.99,high,low,8,name.com,,,18/08/2026 10:07
55fabab9-5747-4753-8d8a-586bfb3f8d0f,carrel.school,available,36.49,36.49,high,low,6,namesilo,,,18/09/2026 06:05
1007b5c6-f3c7-4341-9f8b-a1bbc046926d,harmonious.school,available,9.99,46.99,high,low,10,name.com,,,21/08/2026 01:03
44f9c68c-8e2f-4962-a54c-d392d3194e7a,anopia.school,available,38.48,49.98,medium,low,6,namecheap,,,19/09/2026 11:39
9c146cb2-bd91-4743-b51b-cd78aaa09eb2,lesion.school,available,36.49,36.49,high,low,6,namesilo,,,13/09/2026 13:28
109d821e-c060-4165-a844-f75dd3563474,substance.school,available,36.49,36.49,high,low,9,namesilo,,,14/09/2026 23:41
94ad5063-c738-433c-8513-136c19b0421e,limit.school,available,9.99,,high,low,5,name.com,,,
c2b2de81-e1ae-4544-a8a3-465b8861b4e6,larger.school,available,38.48,49.98,high,low,6,namecheap,,,22/09/2026 20:38
23d351b3-fc2d-4e25-a882-c02a715d6f5a,gladsome.school,available,9.99,46.99,high,low,8,name.com,,,19/08/2026 00:13
50b548c4-7cb3-447d-870c-1bdd32bd10f8,lateral.school,available,9.99,46.99,high,low,7,name.com,,,22/08/2026 20:34
1a8d339c-1504-4415-818f-8e2bcd6f952b,soundly.school,available,36.49,36.49,high,low,7,namesilo,,,16/09/2026 05:34
c4f7414c-22e7-48b8-bdc2-89ed8ac046cf,disgusted.school,available,9.99,46.99,medium,low,9,name.com,,,14/08/2026 10:30
deadfaaa-5173-455e-9738-7981296d23bf,lists.school,available,36.49,36.49,medium,low,5,namesilo,,,17/09/2026 08:32
f10b7bef-4045-40ff-851d-44959b61f9b1,overrated.school,available,36.49,36.49,medium,low,10,namesilo,,,18/09/2026 11:36
191605ed-44ed-45ae-90f3-38d04957f072,require.school,available,9.99,,high,low,7,name.com,,,
45709451-23be-47e7-92e5-3815b0d0794c,horrible.school,available,9.99,46.99,high,low,8,name.com,,,18/08/2026 15:44
e3cff760-88f1-45d0-ad01-01d76d1266b6,burnable.school,available,9.99,46.99,medium,low,8,name.com,,,11/08/2026 10:44
e7e949cc-ad93-4102-adb1-d1dac7a627d3,onerous.school,available,9.99,46.99,medium,low,7,name.com,,,11/08/2026 10:31
6dcc634e-8b87-4588-bb37-fc64f32614e8,olivier.school,available,36.49,36.49,high,low,7,namesilo,,,22/09/2026 07:16
704a801c-a0e2-444e-b96a-7fcdbaa31c82,rustic.school,available,9.99,46.99,high,low,6,name.com,,,
f89016b5-4e09-4e02-b0e5-def7f6f022fb,sluttish.school,available,9.99,46.99,medium,low,8,name.com,,,10/08/2026 15:45
794e2a74-21da-4153-aaac-9e4880eb2a4b,uranium.school,available,38.48,49.98,high,low,7,namecheap,,,21/09/2026 00:11
dc64c81d-22a0-4c39-86a7-21383f3ba788,clueless.school,available,9.99,46.99,medium,low,8,name.com,,,12/08/2026 13:05
ebba9361-93ca-41dd-953d-1a9f3f62235b,godhead.school,available,9.99,46.99,medium,low,7,name.com,,,
a0ef26c8-1f0f-4ee3-ac2b-f3bb4be36150,aliment.school,available,36.49,36.49,medium,low,7,namesilo,,,18/09/2026 07:56
bcfcc49e-e359-4db0-80ec-5f5c49d658d4,teaspoons.school,available,36.49,36.49,medium,low,9,namesilo,,,19/09/2026 22:48
0add73f2-ae88-4008-accd-017c493f237f,rampantly.school,available,36.49,36.49,medium,low,9,namesilo,,,13/09/2026 11:58
c2cbc9ea-8d03-4e59-8bdb-e67aac4392eb,prosaic.school,available,9.99,46.99,medium,low,7,name.com,,,21/08/2026 15:08
dbf1fa30-d911-48ae-8ea5-201023e84e11,winfred.school,available,38.48,49.98,medium,low,7,namecheap,,,19/09/2026 19:23
ca4b6430-3889-447f-ae41-7119889342fc,auc.school,premium,118.8,118.8,high,low,3,namesilo,,,21/09/2026 02:37
4045febd-d8af-4b9a-8851-e909e746040a,bindery.school,available,36.49,36.49,medium,low,7,namesilo,,,23/09/2026 17:11
55e645e5-8d6d-4c7e-bc5b-452897e5fdde,scalene.school,available,36.49,36.49,medium,low,7,namesilo,,,09/09/2026 22:25
8dc5e7d2-150f-4dab-8d6e-ee483893eee5,abroach.school,available,9.99,46.99,medium,low,7,name.com,,,
515f104f-dcc0-452d-b1f2-79ac2b2983ad,cherubic.school,available,9.99,46.99,high,low,8,name.com,,,12/08/2026 04:25
0d78ab89-fe4e-4337-a134-084c34857ed9,fence.school,available,9.99,,high,low,5,name.com,,,
6d778827-aba4-44f1-b0c8-f87e051513d5,appease.school,available,9.99,46.99,high,low,7,name.com,,,18/08/2026 22:08
c7c6b4c5-f9d0-4a8d-989b-429e23c840c2,deuce.school,available,38.48,49.98,high,low,5,namecheap,,,21/09/2026 12:17
30108db5-91fb-4ff4-a430-96a6e2c17ee5,buck.school,available,9.99,,high,low,4,name.com,,,
92185c95-5177-4f41-b865-2bb167c1c922,joyless.school,available,9.99,46.99,medium,low,7,name.com,,,22/08/2026 14:04
400bb545-1e95-4215-a030-b4974286a955,wheedle.school,available,36.49,36.49,medium,low,7,namesilo,,,24/09/2026 04:07
2ccb8ca4-06b6-461f-94a4-8ca30f04ba27,medially.school,available,36.49,36.49,medium,low,8,namesilo,,,15/09/2026 13:54
5203c3f1-63d3-48b0-93dd-8958158512f7,babylonian.school,available,9.99,46.99,medium,low,10,name.com,,,08/08/2026 03:58
57850ce1-1da6-4bbb-96c9-fd4af824aac7,oversight.school,available,9.99,,high,low,9,name.com,,,
28a3ef85-b345-430c-ae9b-deaab3f03520,craze.school,available,38.48,49.98,high,low,5,namecheap,,,24/09/2026 19:15
e43c0727-8836-4bc6-9eaa-5918ee63b5ed,cruelty.school,available,38.48,49.98,medium,low,7,namecheap,,,24/09/2026 19:49
39226640-943c-48d3-ace0-aa281c530cba,acrobatic.school,available,9.99,46.99,high,low,9,name.com,,,
77ed1bf8-5a13-4634-8d33-b019f7b7bf32,connection.school,resell,,,high,low,10,"Xiamen ChinaSource Internet Service Co., Ltd",23/06/2025 15:15,23/06/2027 15:15,26/09/2026 05:12
7119dd69-d9e2-4c1f-b4eb-b02c29002aed,odium.school,available,38.48,49.98,medium,low,5,namecheap,,,16/09/2026 15:27
ec1082db-bba3-446d-ba99-8de7bbf641a5,palatal.school,available,36.49,36.49,high,low,7,namesilo,,,04/09/2026 23:18
cebeabf2-3bee-4c94-be4a-71afe698148b,eventful.school,available,9.99,46.99,high,low,8,name.com,,,12/08/2026 22:36
74a18643-ab41-499e-ae23-c9974286df41,underestimate.school,available,9.99,,high,low,13,name.com,,,
95e9e228-4c59-44d6-80d1-f3e4f5ab6e40,bextra.school,available,36.49,36.49,medium,low,6,namesilo,,,23/09/2026 12:09
99df0191-6143-436c-8247-9d57e2a547b6,balkans.school,available,36.49,36.49,medium,low,7,namesilo,,,21/09/2026 22:15
b5258d60-b7a7-4c11-a3dd-1cac7c578ad9,acorus.school,available,36.49,36.49,medium,low,6,namesilo,,,17/09/2026 02:25
9246ee1f-a524-4e8e-81e8-61ff4cada5c5,floppy.school,available,9.99,46.99,high,low,6,name.com,,,18/08/2026 08:51
3357a6a8-a487-4d17-ba79-65e8f89e53f3,ternary.school,available,9.99,46.99,high,low,7,name.com,,,
282f5eed-e9a8-462d-ab48-afa768c45072,powers.school,available,9.99,,high,low,6,name.com,,,
63a0e2be-4e4d-4521-9b74-ed34fc0695dd,bazooka.school,available,38.48,49.98,high,low,7,namecheap,,,22/09/2026 18:25
ed63c08c-65ea-4cd6-9ce7-c4db82c09774,althea.school,available,38.48,49.98,medium,low,6,namecheap,,,18/09/2026 14:54
b7b811e0-6f47-42c3-90c0-fd3d7fed7d9b,tewkesbury.school,available,36.49,36.49,medium,low,10,namesilo,,,22/09/2026 16:07
613bb9be-39fc-4a5b-9162-bdfb1069339e,mongoloid.school,available,9.99,46.99,medium,low,9,name.com,,,25/08/2026 04:49
a667f0bf-a1f9-454f-91b9-ac7e51b51fe2,bph.school,premium,64.35,128.7,high,low,3,namecheap,,,23/09/2026 08:07
a74cd7ea-3f09-4f16-9717-d1242a76c070,garish.school,available,9.99,46.99,medium,low,6,name.com,,,18/08/2026 06:35
3f6767b8-eec9-4881-aaa4-50bf5b334b5c,supersize.school,available,9.99,,high,low,9,name.com,,,
90dfc1e6-4052-4eb4-b283-73a922874378,boehme.school,available,38.48,49.98,medium,low,6,namecheap,,,23/09/2026 03:32
7f96a59c-5afa-4fd3-a6f6-19499549d15b,whimsy.school,available,36.49,36.49,high,low,6,namesilo,,,20/09/2026 00:42
bb5d210a-81a9-4402-99ab-3ec0598ab8ac,intersex.school,available,9.99,46.99,high,low,8,name.com,,,17/08/2026 10:33
2c607f5c-0f08-432a-8193-717d5d8fd501,chichi.school,available,9.99,46.99,high,low,6,name.com,,,12/08/2026 04:46
7c422baf-7a2b-4e80-b3df-b8a79b9b99c8,richness.school,available,36.49,36.49,high,low,8,namesilo,,,17/09/2026 14:41
9baad45f-8ee1-40c4-b937-9692fdab8a91,mimicry.school,available,36.49,36.49,medium,low,7,namesilo,,,19/09/2026 16:43
e9f4a476-eb1a-4137-856d-fbf64c818fe3,main.school,resell,,,high,low,4,DropCatch.com 393 LLC,16/12/2025 15:15,16/12/2026 15:15,26/09/2026 07:23
b2ca21dd-b21f-4c1a-a94d-cd07bcf179ef,arranged.school,available,38.48,49.98,high,low,8,namecheap,,,22/09/2026 08:25
95546575-47f9-4868-a8ea-7aad2ada3283,alleyway.school,available,36.49,36.49,medium,low,8,namesilo,,,19/09/2026 04:05
facdb35d-83e8-4c86-91ef-0315c1ea9e22,piggyback.school,available,36.49,36.49,high,low,9,namesilo,,,15/09/2026 19:45
eb427c2b-0cfd-4183-92cb-9f6e2020d77f,abidance.school,available,38.48,49.98,medium,low,8,namecheap,,,16/09/2026 15:33
ab3520ce-83aa-48e6-9c46-ba329a14b49a,dawson.school,available,38.48,49.98,high,low,6,namecheap,,,25/09/2026 04:48
7f064f6a-dd34-41fa-a5be-d80a7af353d7,unskilled.school,available,9.99,46.99,medium,low,9,name.com,,,
05d6ec03-6d92-488e-a7c0-02dbe760ce63,beneath.school,available,9.99,,medium,low,7,name.com,,,
c3d2895e-8eed-4f4d-a4a8-5a1de721dd12,clash.school,available,36.49,36.49,high,low,5,namesilo,,,25/09/2026 09:04
62de93e9-2533-4aff-a6ea-7f8342322d21,naturistic.school,available,36.49,36.49,medium,low,10,namesilo,,,03/09/2026 13:59
1b846a77-b0c1-4018-a836-6e21c4e3f02b,authorized.school,available,38.48,49.98,high,low,10,namecheap,,,22/09/2026 13:48
c4d7c4cb-0503-42d1-be57-5e009608bedf,focally.school,available,38.48,49.98,medium,low,7,namecheap,,,14/09/2026 19:10
4fe86c0d-44f8-4eb8-9383-ef9ff7b686a3,unshaven.school,available,36.49,36.49,medium,low,8,namesilo,,,12/09/2026 19:40
4fcd7842-d6ae-423f-af72-991f3d216da5,anselm.school,available,36.49,36.49,high,low,6,namesilo,,,19/09/2026 12:02
1038f229-4bfd-4ccd-a7b5-0c1ecb30c0ea,mammalian.school,available,9.99,46.99,high,low,9,name.com,,,24/08/2026 14:19
bbc95fee-e9b9-41f1-8475-620bcdc55aee,disappointed.school,available,9.99,,medium,low,12,name.com,,,
bcec15c1-087e-421b-b783-b6f674acfe93,jittery.school,available,9.99,46.99,medium,low,7,name.com,,,15/08/2026 08:41
1364950e-a0cf-4aad-ad45-bf5fd93abc1f,mbd.school,premium,118.8,118.8,medium,low,3,namesilo,,,17/09/2026 06:35
e1b020fe-124b-443b-b58c-b334565a434d,peachy.school,available,9.99,46.99,high,low,6,name.com,,,08/08/2026 12:41
4611e74e-812f-43b5-8ac0-91593668c1b7,baseborn.school,available,9.99,46.99,low,low,8,name.com,,,08/08/2026 21:34
c363009a-5f39-4a24-99c3-82e70573b6e8,lutecium.school,available,36.49,36.49,medium,low,8,namesilo,,,20/09/2026 23:39
6ed52d1b-289f-4298-99ae-b84ee361a7ff,lottery.school,available,9.99,,high,low,7,name.com,,,
2fade3d4-32c1-48b0-97ee-4c8be63b6b58,expansive.school,available,9.99,46.99,high,low,9,name.com,,,17/08/2026 18:00
4380f8eb-c545-4822-93ec-e1d99c0be875,airman.school,available,36.49,36.49,high,low,6,namesilo,,,17/09/2026 13:10
627888df-55ec-4e20-ae7f-8c0128c2e639,derive.school,available,9.99,,high,low,6,name.com,,,
83521ade-b655-43d5-ac2c-ca12d4928cda,enlivening.school,available,9.99,46.99,medium,low,10,name.com,,,
41e0e591-5146-444e-9bb9-89a8c66ba340,intently.school,available,36.49,36.49,medium,low,8,namesilo,,,15/09/2026 08:56
8a3cf44c-a4fd-4a46-bf83-b44861fde01e,bedamn.school,available,9.99,46.99,low,low,6,name.com,,,13/08/2026 16:21
23d5bc76-0ce9-459e-a30e-09aec42b81ee,moses.school,available,38.48,49.98,high,low,5,namecheap,,,19/09/2026 10:00
d06d9b14-cc26-42a7-8644-316d31959040,spinoza.school,available,36.49,36.49,high,low,7,namesilo,,,22/09/2026 09:34
53f35010-e011-489c-8c8f-2ff19773da92,alizarine.school,available,36.49,36.49,medium,low,9,namesilo,,,18/09/2026 08:13
c8addb06-79ff-4e78-8d7e-a8864f1427f6,aztecan.school,available,38.48,49.98,high,low,7,namecheap,,,21/09/2026 11:37
47ec294a-55c4-4ca3-9bfc-de6cf95f9de1,inured.school,available,9.99,46.99,medium,low,6,name.com,,,17/08/2026 10:01
66a15c51-df53-4936-886e-855f25b94a73,unequaled.school,available,36.49,36.49,high,low,9,namesilo,,,12/09/2026 09:09
6dce35aa-6850-404a-8744-935c1ecb610f,vagrant.school,available,9.99,46.99,high,low,7,name.com,,,14/08/2026 19:18
8d3a24fb-df9a-456d-9b9d-3e826de3d4a9,dahna.school,available,36.49,36.49,medium,low,5,namesilo,,,19/09/2026 23:21
58545a28-c01c-4857-bc25-20487249e918,slaveless.school,available,9.99,46.99,medium,low,9,name.com,,,18/08/2026 14:44
da5e326e-24fb-4661-9c2e-5a462c158da3,distaste.school,available,36.49,36.49,medium,low,8,namesilo,,,19/09/2026 14:55
f9125405-88a8-4e51-b0d5-573996ff12d8,marxist.school,available,9.99,46.99,high,low,7,name.com,,,10/08/2026 17:53
61b77ae2-bfb6-4196-9605-629bbb1b8c1b,slyly.school,available,36.49,36.49,medium,low,5,namesilo,,,14/09/2026 09:08
98cb4f6d-3f47-4417-8f9f-d501ce33e90b,coveted.school,available,36.49,36.49,high,low,7,namesilo,,,24/09/2026 00:56
72dfa7e2-4b3b-4ffe-ba94-47d75e04f4d3,unpressed.school,available,36.49,36.49,low,low,9,namesilo,,,12/09/2026 17:24
37001bf9-0b63-4aaa-9d60-9e5d26806b9c,lightsome.school,available,9.99,46.99,medium,low,9,name.com,,,10/08/2026 14:41
aed2f917-4b80-4829-a461-361cf37d1f22,episode.school,available,9.99,,high,low,7,name.com,,,
bfb58c5e-4105-4034-811f-0b2b0a09aa56,equally.school,available,9.99,,high,low,7,name.com,,,
b0dff0a4-b798-4424-886f-a02dd1dce432,cared.school,available,38.48,49.98,medium,low,5,namecheap,,,25/09/2026 19:49
1ae5f24e-3efa-410d-a579-12cfaf6b20ee,spent.school,available,9.99,46.99,medium,low,5,name.com,,,14/08/2026 14:53
62add903-dee8-4c60-9495-b7ce30a0c3d5,bagman.school,available,38.48,49.98,medium,low,6,namecheap,,,21/09/2026 18:10
df419ca7-02da-4aac-920b-557a99f20ca6,scope.school,available,36.49,36.49,high,low,5,namesilo,,,18/09/2026 16:44
238258ea-2473-489f-9892-4ec684945c2f,chilli.school,available,9.99,46.99,high,low,6,name.com,,,12/08/2026 05:33
77744350-80fd-4d3c-9309-4d5a474e6b87,peasant.school,available,9.99,46.99,high,low,7,name.com,,,11/08/2026 07:35
3a6ae522-1734-4386-980f-fce41ec791f0,cuvier.school,available,36.49,36.49,high,low,6,namesilo,,,22/09/2026 07:06
bb2ac028-882c-4841-8d64-244ece225b93,antlia.school,available,36.49,36.49,medium,low,6,namesilo,,,19/09/2026 15:21
56361969-6df7-4a5f-8342-880202d4e993,somerville.school,available,36.49,36.49,medium,low,10,namesilo,,,27/09/2026 01:44
408b467f-37b2-4b35-b918-b5f58271f8fa,seeing.school,available,9.99,,high,low,6,name.com,,,
4f589c5f-0de0-4ffd-8273-e741351ff0e5,attilio.school,available,36.49,36.49,medium,low,7,namesilo,,,21/09/2026 01:49
924dab68-72ef-4314-acac-702279e4351e,legibly.school,available,36.49,36.49,medium,low,7,namesilo,,,14/09/2026 11:06
95fa8fc6-5d62-4072-9efd-58e95d971c3e,crude.school,available,36.49,36.49,high,low,5,namesilo,,,24/09/2026 02:12
a07819a2-5add-4580-975f-18517b87e9d2,brings.school,available,36.49,36.49,medium,low,6,namesilo,,,18/09/2026 15:15
6394c99e-8fd6-4134-96e1-3ded164aae3b,numerical.school,available,36.49,36.49,high,low,9,namesilo,,,03/09/2026 22:52
4639f262-2b7b-4cdf-8944-4e9e581a4c11,relapse.school,available,9.99,,high,low,7,name.com,,,
d9438c20-68b6-4a58-b9ca-ad59a08b9137,cumulative.school,available,9.99,46.99,high,low,10,name.com,,,
1ad778a6-3991-4839-8a79-68eadb529656,hookup.school,available,9.99,,high,low,7,name.com,,,
c77efe34-43ac-4f5e-b07e-8d032d9c5c19,darkly.school,available,36.49,36.49,medium,low,6,namesilo,,,14/09/2026 10:39
31bed8e6-63e8-49a5-ae76-6141b764bc7f,maps.school,available,9.99,46.99,high,low,4,name.com,,,
da86e098-53b8-48de-a4c7-00139952a3aa,statement.school,available,36.49,36.49,high,low,9,namesilo,,,23/09/2026 08:02
cbc21667-1d63-43fb-aac5-7f5a44b39367,overjoyed.school,available,38.48,49.98,high,low,9,namecheap,,,04/09/2026 20:49
10851fb6-898e-444c-8f0a-b51130872010,astounding.school,available,36.49,36.49,high,low,10,namesilo,,,22/09/2026 10:29
0c41dac6-5851-46ec-ac24-24a9eda4e822,showcase.school,available,9.99,,high,low,8,name.com,,,
498fe682-8c87-44b3-b211-f494f2068e56,applesauce.school,available,38.48,49.98,high,low,10,namecheap,,,19/09/2026 21:26
9f5876b6-27e5-4d61-b0d4-bb2c147b3bd5,fatigue.school,available,36.49,36.49,high,low,7,namesilo,,,25/09/2026 11:36
1fa7d9ca-9cec-41ef-8819-cb3b240417c8,len.school,premium,118.8,118.8,medium,low,3,namesilo,,,27/09/2026 01:38
9672ab8e-e032-4ec1-8150-e5fefd074764,balmy.school,available,38.48,49.98,high,low,5,namecheap,,,22/09/2026 08:11
766f5c14-d310-4903-bf1f-779b4854b043,aperea.school,available,36.49,36.49,medium,low,6,namesilo,,,19/09/2026 16:31
b7a6e702-6579-4d63-b2b0-c0b7ea3a9c15,deposition.school,available,38.48,49.98,medium,low,10,namecheap,,,24/09/2026 22:00
d68412fc-e5ee-4788-a9d8-ac958f9b4336,nonlethal.school,available,36.49,36.49,medium,low,9,namesilo,,,03/09/2026 19:40
051f04b5-9699-447b-bff6-15756ab04f12,sportsperson.school,available,36.49,36.49,high,low,12,namesilo,,,16/09/2026 08:58
3694e3a0-55f2-4c22-b29e-e88ba31d7f55,split.school,resell,,,high,low,5,"Sav.com, LLC",03/08/2026 13:32,03/08/2027 13:32,26/09/2026 09:13
a7671a6b-729e-4785-88b7-2cf639ef68f6,indictment.school,available,36.49,36.49,medium,low,10,namesilo,,,23/09/2026 16:05
0e4f43d7-98b1-4786-93c9-a259eb3efbec,continual.school,available,36.49,36.49,high,low,9,namesilo,,,23/09/2026 22:10
d18e661b-9589-4f59-a080-43acf63161ad,cavalier.school,available,9.99,46.99,high,low,8,name.com,,,11/08/2026 22:48
07f93d43-6d6b-4f77-a065-93f55deb87f4,snowballs.school,available,36.49,36.49,medium,low,9,namesilo,,,19/09/2026 21:49
c134a305-c27c-4141-ba73-bf50e270d2f2,sourly.school,available,36.49,36.49,low,low,6,namesilo,,,16/09/2026 05:40
56029d87-7dad-4597-af49-7c35e17c4468,pliable.school,available,36.49,36.49,medium,low,7,namesilo,,,19/09/2026 14:13
2f97d76d-ca1a-4612-839f-2593655d6f81,advantages.school,available,36.49,36.49,medium,low,10,namesilo,,,17/09/2026 07:07
f526caaa-4297-4796-9be2-b1ae8a262656,autotype.school,available,36.49,36.49,medium,low,8,namesilo,,,21/09/2026 08:17
a4a7b325-6794-48bc-99ae-ed25b05c060c,decade.school,available,36.49,36.49,high,low,6,namesilo,,,21/09/2026 10:56
e381c46c-7ebf-4db0-8f87-323f08a77346,fadeout.school,available,36.49,36.49,medium,low,7,namesilo,,,09/09/2026 11:18
6d6c6c3b-eb67-49a4-a599-461ac6777b5e,actinium.school,available,38.48,49.98,medium,low,8,namecheap,,,16/09/2026 19:56
56ea8d31-a746-4ace-b023-ce8eacae8c21,altruism.school,available,9.99,,high,low,8,name.com,,,
d369888d-352f-4a05-9f80-f608b89b9f05,sunlit.school,available,9.99,46.99,high,low,6,name.com,,,11/09/2026 01:59
009d845d-b4ad-47f4-86bf-54668f2565af,dyslexic.school,available,9.99,46.99,high,low,8,name.com,,,14/08/2026 22:03
ecbc035e-f2d5-4324-93cd-32a95bd1075e,car.school,resell,,,high,medium,3,"Spaceship, Inc.",22/08/2016 13:46,22/08/2027 13:46,26/09/2026 04:47
973130e1-b066-4e18-9be3-d18e3fc3d922,soldiers.school,premium,69.3,138.6,medium,low,8,namecheap,,,
c183aeaf-2973-4c57-a3bd-c7d589773615,handbill.school,available,9.99,46.99,medium,low,8,name.com,,,11/08/2026 05:06
f5c4cd4f-2351-40b7-8a8f-257b07b682c3,makeover.school,premium,23.1,46.2,high,low,9,namecheap,,,
31a06d87-a2a1-4c40-aca1-0c1f8aca49dc,dense.school,available,36.49,36.49,high,low,5,namesilo,,,08/09/2026 15:39
8087f2aa-9e68-4670-bf23-5b682dbea659,atavist.school,available,36.49,36.49,medium,low,7,namesilo,,,11/09/2026 14:58
bbb17a69-f747-4766-8d31-8b978fb9ee34,radish.school,available,38.48,49.98,high,low,6,namecheap,,,24/09/2026 20:53
5257b136-f226-4bcc-8e6c-5f109407d844,hearty.school,available,9.99,46.99,high,low,6,name.com,,,21/08/2026 02:13
595d7406-037e-4536-8860-ba63d2b59efe,bantu.school,available,9.99,46.99,medium,low,5,name.com,,,08/08/2026 14:50
d47d952a-8c28-4534-8c92-73ff682ebdfb,swinging.school,available,9.99,46.99,high,low,8,name.com,,,23/08/2026 08:43
06b76d5a-b6d7-480a-a8a3-8670eb2e7639,fossorial.school,available,9.99,46.99,high,low,9,name.com,,,18/08/2026 13:21
21d6d5ae-916b-4af2-83d2-8ac3b338f7fb,lettuce.school,available,9.99,,high,low,7,name.com,,,
db5835fa-dea7-44df-a7d7-1dc082704fe8,enchant.school,available,9.99,46.99,high,low,7,name.com,,,21/08/2026 07:46
fc5324c4-5c00-4afa-824b-d8de91a79140,passee.school,available,9.99,46.99,medium,low,6,name.com,,,14/08/2026 01:19
8bac1848-3c10-4ada-90a0-db89197df3cd,algiers.school,available,36.49,36.49,medium,low,7,namesilo,,,18/09/2026 06:59
3bf3353c-8f8e-4759-a115-df9b556afdb6,upset.school,available,38.48,49.98,high,low,5,namecheap,,,24/09/2026 11:19
e7e5cecf-842c-465f-9230-367717cb77e9,acinus.school,available,36.49,36.49,medium,low,6,namesilo,,,17/09/2026 01:46
7fb2c2c1-344a-4ac5-a605-b0f27cb6e2c9,unquiet.school,available,36.49,36.49,medium,low,7,namesilo,,,12/09/2026 17:40
089cbb6e-f82e-42f1-8244-f84e05da789c,adverb.school,available,36.49,36.49,high,low,6,namesilo,,,17/09/2026 10:43
716cf830-1d67-4b5b-83bd-eb1b30229972,ballpark.school,available,9.99,46.99,high,low,8,name.com,,,19/09/2026 22:25
a26c55e1-911c-4ab8-b108-408d266f132f,disconnect.school,available,9.99,,high,low,10,name.com,,,
bde02133-db31-4e2f-8d59-3803782d5c5b,artemisia.school,available,38.48,49.98,high,low,9,namecheap,,,20/09/2026 10:15
0924992e-5e00-44e8-9dfb-a307f6313ae4,berith.school,available,38.48,49.98,medium,low,6,namecheap,,,23/09/2026 09:26
fdfb54ec-ddf6-490e-ae20-9eb8b5c48977,aflatoxin.school,available,36.49,36.49,medium,low,9,namesilo,,,17/09/2026 15:06
7fa5e01d-bba4-43c8-94ec-65ec960e3a92,handle.school,available,36.49,36.49,high,low,6,namesilo,,,08/09/2026 13:26
0fd473ef-b8ab-418f-8d94-8fe434db06fc,filmy.school,available,9.99,46.99,high,low,5,name.com,,,12/08/2026 14:28
5313a311-09b9-4bc8-a03c-a4ae1b68b250,bookstore.school,available,36.49,36.49,high,low,9,namesilo,,,24/09/2026 07:17
2860b077-1f07-4205-805e-12a0b6d025b2,libyan.school,premium,64.35,128.7,high,low,6,namecheap,,,23/08/2026 00:54
9cdfde7f-85f7-413c-9539-fffc81fecb14,liveness.school,available,36.49,36.49,high,low,8,namesilo,,,19/09/2026 09:04
28c65be8-b4b7-4eee-979c-728b08d2d98b,dealership.school,available,36.49,36.49,high,low,10,namesilo,,,25/09/2026 03:26
1614bf1e-526f-4c6a-aef3-db4263b7b7ee,candidacy.school,available,9.99,,high,low,9,name.com,,,
e872b130-f99e-4d32-9d7f-b5d0c629075a,fractious.school,available,9.99,46.99,medium,low,9,name.com,,,18/08/2026 13:53
1f76c33e-1d19-49c4-824b-d2d2f7d5df90,twenties.school,available,36.49,36.49,high,low,8,namesilo,,,16/09/2026 12:09
48ceb724-dd07-4762-807f-b826ed3d5c17,untidy.school,available,38.48,49.98,medium,low,6,namecheap,,,12/09/2026 21:22
d8c770f4-9c39-497b-89ef-9b4404d3ae91,lp.school,resell,,,high,low,3,"Sav.com, LLC - 25",14/09/2025 15:15,14/09/2027 15:15,26/09/2026 07:20
ccbd4130-67a3-49be-bc3b-f2f7cec7676c,aura.school,resell,,,high,medium,4,"Sav.com, LLC - 47",22/11/2025 15:15,22/11/2026 15:15,26/09/2026 04:08
e844c1ca-3f91-4edd-bb8c-23192dc7cf20,bigamist.school,available,36.49,36.49,medium,low,8,namesilo,,,23/09/2026 15:02
32eb71d8-bc15-46af-a3e1-427850535d43,koranic.school,available,9.99,46.99,medium,low,7,name.com,,,22/08/2026 16:59
436e2c38-7f9c-49be-bcb4-2a437b6a9033,fanciful.school,available,9.99,46.99,high,low,8,name.com,,,17/08/2026 21:56
21dcf258-ec8a-4ab3-b0b0-541f19b28d8e,andean.school,available,9.99,46.99,high,low,6,name.com,,,
76fca5c3-e2eb-463d-b84a-d262eec471a4,reported.school,available,9.99,,high,low,8,name.com,,,
b6f9ce7e-f0cb-4f0d-85be-ea844874eec0,assay.school,available,36.49,36.49,high,low,5,namesilo,,,20/09/2026 15:54
4e200a23-07f8-4ef2-a924-9b13a670450e,mildly.school,available,36.49,36.49,medium,low,6,namesilo,,,15/09/2026 14:43
80a6c932-2273-4b4b-84a7-da7e344aa46a,barbarian.school,available,9.99,46.99,high,low,9,name.com,,,08/08/2026 15:26
cba7d3c0-80e9-4140-a458-f95dea7fea61,shallow.school,available,9.99,,medium,low,7,name.com,,,
e9a77528-0078-430f-8a78-59a94ab87816,anaphase.school,available,36.49,36.49,medium,low,8,namesilo,,,19/09/2026 02:09
b194c69f-bd4b-4303-a387-07d9ac0f1324,offhand.school,available,9.99,46.99,high,low,7,name.com,,,
9cca919c-9800-4a27-ac79-f4990035a97e,unlocked.school,available,36.49,36.49,high,low,8,namesilo,,,12/09/2026 01:39
3dd9d49e-46b1-4496-9b37-4bbf6359f790,size.school,available,9.99,,high,low,4,name.com,,,
fe8c3c28-b797-4235-8c10-67174e01170b,loose.school,available,36.49,36.49,medium,low,5,namesilo,,,22/09/2026 10:42
ca24b961-b440-4ad4-a10a-267e50000ca1,humpback.school,available,9.99,46.99,medium,low,8,name.com,,,13/08/2026 07:47
f434aa56-b4ae-4d40-834c-611ec5cb3f56,pencilled.school,available,36.49,36.49,medium,low,9,namesilo,,,08/09/2026 13:59
b57aebb9-7e27-4338-8c90-52d871fea73a,truculent.school,available,38.48,49.98,medium,low,9,namecheap,,,11/09/2026 20:29
32cd4b74-b21a-49d4-808b-eaf8e591c1f9,heavenward.school,available,9.99,46.99,medium,low,10,name.com,,,21/08/2026 02:31
d2d71ed1-498b-47e0-9e60-ca83ce31ce07,chinchy.school,available,9.99,46.99,low,low,7,name.com,,,12/08/2026 05:42
4d45fa1f-6295-48b9-a067-ec0402688a0a,oengus.school,available,36.49,36.49,medium,low,6,namesilo,,,17/09/2026 12:31
89022e6f-4cd6-4a4c-ad1a-eab4f73a4a7e,hock.school,available,36.49,36.49,high,low,4,namesilo,,,09/09/2026 16:33
ae7c92bd-e95a-4cfb-a5d1-9177ca3f59d8,geoffrey.school,available,36.49,36.49,medium,low,8,namesilo,,,25/09/2026 13:35
43dbb84f-aa18-4306-b2bc-4913fa33f079,abattis.school,available,38.48,49.98,medium,low,7,namecheap,,,16/09/2026 14:11
1db9056d-97a3-4933-a992-3d2b95ffcd91,baden.school,available,36.49,36.49,medium,low,5,namesilo,,,25/09/2026 13:59
7c489327-b2e7-4b01-97de-1efd13919baf,bassoon.school,available,36.49,36.49,high,low,7,namesilo,,,22/09/2026 12:33
8dbdf6b4-a3dd-4882-a92d-9afedd5ecbc2,ban.school,premium,64.35,128.7,high,low,3,namecheap,,,18/08/2026 11:10
a30bc8b8-e088-44a2-bf1e-afd8c2f36817,browbeat.school,available,9.99,46.99,medium,low,8,name.com,,,11/08/2026 08:53
b8c6f191-eee0-44c3-b3c4-1e38560d21f0,unhappiness.school,available,9.99,,medium,low,11,name.com,,,
df766a41-395f-4b35-b6fd-9389682e62b6,alopecia.school,available,36.49,36.49,medium,low,8,namesilo,,,18/09/2026 13:18
7ae02ec5-6e4c-4917-b4b8-02bd57140e6d,curst.school,available,9.99,46.99,medium,low,5,name.com,,,13/08/2026 11:34
7872a550-50fb-4f4b-9e74-96fbb395a3c6,classless.school,available,9.99,46.99,medium,low,9,name.com,,,12/08/2026 09:48
9ab2bf38-593a-4e75-90b7-28b09a65acb6,horned.school,available,9.99,46.99,medium,low,6,name.com,,,21/08/2026 14:04
88483916-ac16-4c71-819f-6903dd8fc92c,baedeker.school,available,38.48,49.98,medium,low,8,namecheap,,,21/09/2026 17:22
3df27085-c1cf-4c82-81f6-adf94b32efee,noncurrent.school,available,38.48,49.98,medium,low,10,namecheap,,,03/09/2026 19:01
36d08b2e-f72c-4aeb-9d18-04f64dfb5e2d,pseud.school,available,36.49,36.49,medium,low,5,namesilo,,,09/09/2026 05:04
23a47d58-5f74-455c-bc4a-66f531d39a3f,compel.school,available,36.49,36.49,high,low,6,namesilo,,,03/09/2026 23:39
f9d8bf75-25b3-4366-842c-e3c1870c99c7,affectionate.school,available,9.99,,high,low,12,name.com,,,
2743134b-f05e-491e-a7ac-a502b42ad096,tbd.school,premium,69.3,138.6,high,low,3,namecheap,,,
d4693f84-ba8f-4b7d-8d36-3275b1e8c8c4,lime.school,available,36.49,36.49,high,low,4,namesilo,,,23/09/2026 20:42
5f4b852e-d876-4e22-930c-4afb5465aebe,basket.school,available,9.99,,high,low,6,name.com,,,
078574f9-3277-4891-b9db-8405e27198fd,yard.school,resell,,,high,low,4,"Xiamen ChinaSource Internet Service Co., Ltd",11/09/2025 15:15,11/09/2027 15:15,26/09/2026 10:15
4778bcb3-3303-444e-8fc6-2cd26651c408,spartan.school,resell,,,high,low,7,"Sav.com, LLC - 44",15/09/2025 15:15,15/09/2027 15:15,26/09/2026 09:11
5c8ed1b3-4bb4-4757-ad71-70703de794cb,dingy.school,available,9.99,46.99,medium,low,5,name.com,,,09/08/2026 09:20
b402d91d-8586-40a2-931e-91349897645d,spheric.school,available,9.99,46.99,medium,low,7,name.com,,,08/08/2026 10:16
29be7d5d-2ab0-4ab0-8f5a-db1578d36c85,colly.school,available,9.99,46.99,medium,low,5,name.com,,,14/08/2026 09:17
6bcdac3f-1389-43c9-9672-82f7faed50b0,decayed.school,available,9.99,46.99,medium,low,7,name.com,,,13/08/2026 20:59
9e0d00bc-ad91-45c0-8067-2a2ebdc58e64,explained.school,available,36.49,36.49,medium,low,9,namesilo,,,17/09/2026 15:48
f81c8585-f27f-4f7d-993c-2a57bf608ff0,noyes.school,available,36.49,36.49,high,low,5,namesilo,,,18/09/2026 06:42
a33daa5e-7aa6-4050-ae1e-73d28c2fabaf,unitary.school,available,36.49,36.49,high,low,7,namesilo,,,12/09/2026 13:58
f547a184-4b56-401e-9a5d-5ef2fb4ec513,they.school,available,9.99,,high,low,4,name.com,,,
0f8d92f8-86b4-4309-a804-bc3fca202704,slouchy.school,available,36.49,36.49,medium,low,7,namesilo,,,19/09/2026 04:23
cecf00a9-4c93-4f34-8aba-c42da3ad65d5,pain.school,resell,,,high,low,4,"Xiamen ChinaSource Internet Service Co., Ltd",16/06/2025 15:15,16/06/2027 15:15,26/09/2026 07:59
230c0731-410d-4b50-a407-9f54098181b6,newsgroup.school,available,9.99,,medium,low,9,name.com,,,
267f9939-825b-4cc7-8c93-564ee4cd3b59,jib.school,premium,64.35,128.7,high,low,3,namecheap,,,21/09/2026 22:10
944716bc-f8d3-4512-bd28-39c9a04f3378,wondered.school,available,9.99,,high,low,8,name.com,,,
52d058b8-c217-44b6-9737-a3ffc9a36ab2,bilges.school,available,36.49,36.49,medium,low,6,namesilo,,,23/09/2026 15:54
fd5055ea-bf88-49b2-b42f-ade267987326,comatose.school,available,9.99,46.99,medium,low,8,name.com,,,12/08/2026 18:25
f6de8e12-438c-42fb-a822-2b1841de9147,benedick.school,available,36.49,36.49,high,low,8,namesilo,,,23/09/2026 07:51
e4c91412-5ba3-4f7a-adb2-2af8ae239ed4,commonly.school,available,9.99,,high,low,8,name.com,,,
4f010975-a743-48ff-ad90-3962e6056d80,isomeric.school,available,9.99,46.99,medium,low,8,name.com,,,22/08/2026 11:08
886e3c14-72cc-4149-9beb-b567e2dc07ee,tubal.school,available,38.48,49.98,medium,low,5,namecheap,,,11/09/2026 20:53
f7e26109-0cc1-4dc7-a270-db57f7420184,cruz.school,available,38.48,49.98,high,low,4,namecheap,,,25/09/2026 11:52
ddad83f3-955c-4f72-a81b-45b1517d7533,ate.school,premium,69.3,138.6,high,low,3,namecheap,,,
3950312b-aff4-4414-b53e-2cff32aa1606,suggestions.school,available,36.49,36.49,medium,low,11,namesilo,,,17/09/2026 12:49
ff7eae70-58d9-445d-8216-f4d2617b9aca,asin.school,available,36.49,36.49,high,low,4,namesilo,,,20/09/2026 14:15
7bc82e69-1144-40a9-a294-e0e239ef8b51,stupidly.school,available,9.99,46.99,medium,low,8,name.com,,,14/09/2026 13:43
bedacdad-9de2-4ba5-9617-c7a34302da72,wiggler.school,available,36.49,36.49,medium,low,7,namesilo,,,19/09/2026 06:38
e6532a61-9a2f-4033-9e81-97bc6b1c7ca3,eery.school,available,9.99,46.99,medium,low,4,name.com,,,15/08/2026 12:45
c306110a-e8d2-4fff-b75c-7fb5df58a449,lies.school,available,9.99,,medium,low,4,name.com,,,
a60296ba-a3a4-4067-8ab6-74cd313eb7a9,unassuming.school,available,9.99,,high,low,10,name.com,,,
26453ec9-46a6-4cbf-b370-6ab2fe57bfe1,bema.school,available,38.48,49.98,high,low,4,namecheap,,,23/09/2026 07:15
0929443c-e4d1-4933-b2f8-2cc91b767774,untenable.school,available,9.99,46.99,medium,low,9,name.com,,,22/08/2026 02:35
24331869-fb4e-49e1-aade-d02332e4429a,lao.school,premium,21.45,42.9,high,low,3,namecheap,,,22/08/2026 19:34
eaa64651-45f0-4e8b-9931-e40833174cae,acne.school,available,9.99,,high,low,4,name.com,,,
37abdf8c-745d-4b8f-868d-6b6a4bc6bf4e,dinky.school,available,9.99,46.99,high,low,5,name.com,,,14/08/2026 08:14
4a228de0-2e35-47b9-b848-62a0e302a1d0,bluestem.school,available,36.49,36.49,medium,low,8,namesilo,,,19/09/2026 04:58
c37af7b5-28d1-459b-9bdd-fc7a293cfa69,whose.school,available,9.99,,high,low,5,name.com,,,
ed2cb3b0-8e82-43ef-a8dc-79176aad8000,wilmington.school,available,38.48,49.98,high,low,10,namecheap,,,25/09/2026 11:01
c2f7ca68-9b24-4e2e-8e1e-d76473e3ebcc,grandiose.school,available,9.99,46.99,high,low,9,name.com,,,20/08/2026 17:58
ab0c9930-1b8d-4b5a-9c0d-531eac71a32b,cloaks.school,available,36.49,36.49,medium,low,6,namesilo,,,17/09/2026 14:28
0afd35af-70df-4e0b-9866-94b82879eefe,advantage.school,available,9.99,,high,low,9,name.com,,,
258784aa-2ba4-4ac8-8944-8bf2548a7db2,hot.school,premium,118.8,118.8,high,medium,3,namesilo,,,19/09/2026 15:25
67ed51e8-adf5-435b-b004-022dc5f484f9,proud.school,available,9.99,,high,low,5,name.com,,,
a8f80a13-578e-4816-b87e-e94aeffa83b0,accumulate.school,available,9.99,46.99,high,low,10,name.com,,,12/08/2026 16:47
2e63d993-9d74-4193-a042-9fb93271ad62,dilatory.school,available,9.99,46.99,medium,low,8,name.com,,,14/08/2026 07:31
c0ef56d2-f06f-4823-91e4-6d2f52d0ccf0,acores.school,available,38.48,49.98,medium,low,6,namecheap,,,17/09/2026 02:16
7f18de9e-8ae0-4177-b689-457dea72f3c7,nth.school,premium,64.35,128.7,medium,low,3,namecheap,,,03/09/2026 12:35
a1485c71-dc91-4ee9-bf81-3bfe8832f86d,adder.school,available,38.48,49.98,medium,low,5,namecheap,,,17/09/2026 06:46
f9b63c0a-556d-48a9-b1bf-20a5906056e6,biogeny.school,available,38.48,49.98,medium,low,7,namecheap,,,23/09/2026 18:05
6e329f33-c61f-4e02-bd21-496d1ff5fc09,freaking.school,available,9.99,,medium,low,8,name.com,,,
5a1b1be8-fc0e-447e-ae3d-00ea0232c748,analogy.school,available,9.99,,high,low,7,name.com,,,
8f89948a-8da6-4f48-ae5e-ff89a481ee98,twine.school,available,9.99,,medium,low,5,name.com,,,
c4a320fc-4dee-4b44-b20c-8416321844a4,adobo.school,available,38.48,49.98,high,low,5,namecheap,,,17/09/2026 09:29
d3421ed2-1694-4cdb-900c-1c72fce2d81e,taylor.school,resell,,,high,low,6,"Sav.com, LLC - 11",22/01/2026 15:15,22/01/2027 15:15,26/09/2026 09:31
d703a345-6c97-4b5c-92ac-3ef1ce72f2f1,toetoe.school,available,36.49,36.49,medium,low,6,namesilo,,,20/09/2026 12:22
b4c9b8a5-9f4a-42ff-926d-b4d821368691,squealer.school,available,36.49,36.49,medium,low,8,namesilo,,,23/09/2026 11:32
d3506e62-defc-4045-b1ea-98d3cf72a456,your.school,resell,,,high,medium,4,Porkbun LLC,31/05/2015 16:00,31/05/2027 16:00,26/09/2026 10:16
1a003d25-b30e-4f62-bb3f-2f4f0917080c,harare.school,available,9.99,46.99,high,low,6,name.com,,,24/09/2026 12:36
950e71f0-0eb9-4104-bc69-a32e59ab14ed,advisement.school,available,36.49,36.49,high,low,10,namesilo,,,17/09/2026 11:32
ba2fa5af-3a94-4251-835b-3f11adc26f2c,macleish.school,available,36.49,36.49,medium,low,8,namesilo,,,20/09/2026 02:03
eaa3fee2-142a-4ed1-816d-e906ed9f6e2c,worldling.school,available,36.49,36.49,medium,low,9,namesilo,,,11/09/2026 10:47
18f4b32f-f7e2-4264-afbb-4e3ffe6f4526,tusked.school,available,38.48,49.98,medium,low,6,namecheap,,,11/09/2026 21:29
21a5fa32-84ca-4226-b08d-8b4bdb27bfaf,downplay.school,available,36.49,36.49,high,low,8,namesilo,,,21/09/2026 15:36
19f62ebd-81a3-4a10-a08c-3deb186eb108,rove.school,available,9.99,46.99,high,low,4,name.com,,,10/09/2026 22:12
6ff18eb2-8ab2-4a3c-9821-ca77dd5ee2c7,charivari.school,available,36.49,36.49,medium,low,9,namesilo,,,23/09/2026 06:08
b2ef8e1b-ed99-44e9-9a0b-cbd27e206f2b,proximal.school,available,36.49,36.49,high,low,8,namesilo,,,09/09/2026 04:44
33674b71-9817-4f31-b962-2e5026bf2737,lacrimal.school,available,9.99,46.99,medium,low,8,name.com,,,22/08/2026 17:57
e8f40294-7e46-4e82-95b0-b9a855953101,foursome.school,available,9.99,46.99,high,low,8,name.com,,,
200d9702-6c56-40f6-bbbb-d1a7a4227a37,terracotta.school,available,36.49,36.49,high,low,11,namesilo,,,17/09/2026 09:12
a58afde2-d27b-4e3f-8658-1bbf2efbe537,temporal.school,available,36.49,36.49,high,low,8,namesilo,,,11/09/2026 11:00
5d79a5c8-39db-482a-a857-f94117c51875,avionics.school,available,36.49,36.49,high,low,8,namesilo,,,21/09/2026 09:35
00f9ef56-e4c0-470f-8082-256bc6afbabd,cognate.school,available,9.99,46.99,high,low,7,name.com,,,10/08/2026 15:14
7eb89ebd-db39-4bd1-b257-681cbfb66b2f,sketchy.school,available,36.49,36.49,high,low,7,namesilo,,,10/09/2026 09:18
a1d92ab2-3544-4632-b0c9-0ca007296003,apostasy.school,available,38.48,49.98,medium,low,8,namecheap,,,19/09/2026 19:16
586083dc-8cd8-49fb-86ae-a1c24b9a6c6c,unscathed.school,available,9.99,46.99,high,low,9,name.com,,,12/09/2026 12:03
71181f38-b4fc-4bad-8455-fae8885aa40d,rounds.school,available,38.48,49.98,high,low,6,namecheap,,,17/09/2026 22:13
af91a8db-0e70-477b-896d-cd80e78df81c,instore.school,available,9.99,,high,low,8,name.com,,,
0ea59748-80a1-4c60-bd51-d74219fee87f,decidedly.school,available,36.49,36.49,medium,low,9,namesilo,,,14/09/2026 02:04
84d6d206-a96f-4c32-be95-9688459bb031,intuitive.school,available,9.99,46.99,high,low,9,name.com,,,22/08/2026 08:51
ba556919-7ffc-4ee7-a1f3-6602f1ef923f,utilizing.school,available,36.49,36.49,medium,low,9,namesilo,,,21/09/2026 02:04
656e678d-9055-4411-a3b7-ab69e0495917,justices.school,available,36.49,36.49,medium,low,8,namesilo,,,20/09/2026 11:20
ac1e2d88-b900-43a8-ba53-e30d05982207,riskily.school,available,36.49,36.49,low,low,7,namesilo,,,15/09/2026 23:50
1c3e0875-73c3-4222-9ef9-d838cc4f23b6,enamored.school,available,9.99,46.99,high,low,8,name.com,,,16/08/2026 21:09
9a0041f1-a72b-4a1c-9da2-d3431487b3e6,offering.school,available,36.49,36.49,high,low,8,namesilo,,,25/09/2026 09:37
7db618a3-eb6b-48e2-94bd-9457e2b64a17,dicks.school,available,9.99,,medium,low,5,name.com,,,
4f9a861d-132c-4348-8ee3-52a144c541a5,clammy.school,available,9.99,46.99,medium,low,6,name.com,,,12/08/2026 09:23
91666883-d676-4709-91c7-4ddfdaa0bfa0,forceful.school,available,9.99,46.99,high,low,8,name.com,,,18/08/2026 11:13
36544887-d31f-44d2-a5be-0e8a5d75ace1,festal.school,available,9.99,46.99,medium,low,6,name.com,,,18/08/2026 02:13
fa9c92f6-eb13-4cd0-8a0e-763a536fa1cf,plough.school,available,36.49,36.49,medium,low,6,namesilo,,,23/09/2026 14:29
2ddea927-3204-4e79-86e3-6189929bc647,subacid.school,available,36.49,36.49,medium,low,7,namesilo,,,10/09/2026 23:22
702e726c-0829-41c1-b3ab-3f20f2f82aa0,ridiculous.school,available,38.48,49.98,high,low,10,namecheap,,,24/09/2026 06:27
19b12886-8b78-4ce1-8c5a-49b0e622a01e,stellate.school,available,36.49,36.49,medium,low,8,namesilo,,,09/09/2026 09:34
33efb1cc-16dc-44af-83d8-5c8ad0e6fa33,cashew.school,available,36.49,36.49,high,low,6,namesilo,,,19/09/2026 01:00
12072e4d-6856-4d65-81e1-32b42826efea,alternate.school,available,36.49,36.49,high,low,9,namesilo,,,22/09/2026 02:29
762ec7c9-5441-41f7-94a2-0c4b61944b5f,brimful.school,available,9.99,46.99,medium,low,7,name.com,,,11/08/2026 04:08
c58d3c5a-5c51-4ef7-a726-c5ce4e3fecbc,javan.school,available,9.99,46.99,high,low,5,name.com,,,22/08/2026 12:30
60aa120e-6ee0-4675-9fc6-c4e56249f181,subverter.school,available,36.49,36.49,medium,low,9,namesilo,,,09/09/2026 16:25
d3f3ff91-2917-48a0-be1b-735b62412b3f,black.school,resell,,,high,medium,5,"GoDaddy.com, LLC",22/01/2023 17:01,22/01/2027 17:01,26/09/2026 04:28
32e06940-60e4-42cf-87db-4bd1dc350aad,bighearted.school,available,9.99,46.99,high,low,10,name.com,,,09/08/2026 20:48
7bae1e69-b80d-4692-b523-5e78098f6dfc,detail.school,available,36.49,36.49,high,low,6,namesilo,,,25/09/2026 09:22
091342db-c13d-41f1-8e3c-e42c5403900b,odious.school,available,9.99,46.99,medium,low,6,name.com,,,
cb0514f0-fe10-4c7e-844b-5cd2d1be90ae,latter.school,available,36.49,36.49,high,low,6,namesilo,,,25/09/2026 13:08
14d04e3b-d534-4724-9a5e-e392bb09e6b2,outwear.school,available,9.99,46.99,medium,low,7,name.com,,,13/09/2026 09:15
8d05c908-5bb1-4935-975a-c008d2828a54,acromion.school,available,36.49,36.49,medium,low,8,namesilo,,,17/09/2026 03:49
2a35e273-73d9-4889-bdd6-087d20f11119,mistakes.school,available,36.49,36.49,medium,low,8,namesilo,,,16/09/2026 10:20
a5cf8c5b-5c91-41eb-8315-b44f14192f04,thallium.school,available,36.49,36.49,medium,low,8,namesilo,,,20/09/2026 23:51
71dab5ed-df48-4a2f-9e26-79a4b0b36dbd,dispensed.school,available,9.99,46.99,medium,low,9,name.com,,,14/08/2026 11:54
93b4231b-ec5a-4243-b86b-2a08eaaa06d9,unpatented.school,available,36.49,36.49,medium,low,10,namesilo,,,12/09/2026 16:29
aa7fad67-6259-403b-8f2e-2d36b5cca0dc,names.school,available,38.48,49.98,high,low,5,namecheap,,,25/09/2026 09:32
e8405c1b-147e-4ed6-8143-81fb62eba026,ariled.school,available,9.99,46.99,medium,low,6,name.com,,,06/08/2026 19:09
b6381fcd-f444-4639-ab7a-470fc1579a5e,sweltering.school,available,36.49,36.49,medium,low,10,namesilo,,,11/09/2026 05:40
36121f69-ab56-43d0-839c-2bfda90a1215,prostrate.school,available,36.49,36.49,high,low,9,namesilo,,,09/09/2026 03:57
fbac2181-3af2-435e-85e3-9ccb0b598639,argot.school,available,36.49,36.49,medium,low,5,namesilo,,,13/09/2026 04:14
4782fcf6-2cba-42f2-8ea2-00aeaf9d864c,adiposity.school,available,36.49,36.49,medium,low,9,namesilo,,,17/09/2026 08:19
cb4d22f5-8e09-425e-96d9-8cdcf92ab45e,sensed.school,available,36.49,36.49,high,low,6,namesilo,,,08/09/2026 16:07
6b3ab1be-151b-489f-9b6a-02ff62ec2ccb,birdie.school,available,36.49,36.49,high,low,6,namesilo,,,23/09/2026 20:41
333a9b3a-18b3-41a0-ae30-1cd4718d2454,unionized.school,available,38.48,49.98,medium,low,9,namecheap,,,03/09/2026 19:29
f7a4f1d0-c83c-4d74-b98d-a2a108cf4d9f,embracing.school,available,9.99,,high,low,9,name.com,,,
4e1460fb-ede4-4f63-8964-80f317dd9e78,ventral.school,available,9.99,46.99,high,low,7,name.com,,,
916b4e74-4955-4ead-98a8-47df33292730,outer.school,available,9.99,,high,low,5,name.com,,,
63e4f379-7d54-4e71-a0e3-5efcd04b1eec,reliant.school,available,36.49,36.49,high,low,7,namesilo,,,09/09/2026 13:35
33a2342a-3ce7-47b0-9cb9-0d5c5d5bd857,plays.school,available,9.99,46.99,medium,low,5,name.com,,,18/09/2026 05:50
3311e4e5-a9bf-4fb5-89e3-4b7269166978,produces.school,available,36.49,36.49,medium,low,8,namesilo,,,17/09/2026 14:14
47189219-3802-4052-8a10-faec7feb74e4,hazardous.school,available,9.99,46.99,medium,low,9,name.com,,,21/08/2026 01:42
d85a3d9c-7fac-4b62-9646-bcab9b8b6800,allemande.school,available,36.49,36.49,medium,low,9,namesilo,,,18/09/2026 10:46
b84a1ee1-d696-4d5c-ac37-7875e681483c,end.school,premium,64.35,128.7,high,low,3,namecheap,,,19/09/2026 15:33
7eb068b5-18b0-43ef-90a7-4d6cddf8474f,asks.school,available,36.49,36.49,medium,low,4,namesilo,,,25/09/2026 17:36
fd55e58a-b584-4df3-bd3d-94d8def611eb,credal.school,available,9.99,46.99,medium,low,6,name.com,,,13/08/2026 05:52
a75c7dc3-d892-44fe-8b4b-b41434dc828e,cod.school,premium,118.8,118.8,high,low,3,namesilo,,,23/09/2026 14:56
3c8defbc-b6f0-41ec-964e-bc6122560193,yearling.school,available,36.49,36.49,high,low,8,namesilo,,,22/09/2026 00:38
dc0c0a20-1470-4fb4-a477-0ad66bac45f2,bezant.school,available,36.49,36.49,low,low,6,namesilo,,,23/09/2026 12:11
53f1c473-c42d-4591-a64f-16ab6b59d990,muddled.school,available,36.49,36.49,medium,low,7,namesilo,,,03/09/2026 10:22
583d380d-9645-4cb1-8ff9-039a9718db34,toxic.school,available,9.99,,high,low,5,name.com,,,
84c17279-215a-4157-a885-063cf4c94cf4,flabby.school,available,9.99,46.99,medium,low,6,name.com,,,18/08/2026 06:05
3168dc93-0411-4617-91b3-7d18d785c1cb,thief.school,available,9.99,,high,low,5,name.com,,,
8836b4d9-ad72-4ad3-9155-48704db846ce,approached.school,available,36.49,36.49,medium,low,10,namesilo,,,17/09/2026 16:13
3409cf3f-6b4a-4dee-9e04-380851eaeb67,pairs.school,available,36.49,36.49,medium,low,5,namesilo,,,16/09/2026 14:58
9647382d-323c-4ff8-a473-b6c39b966358,terror.school,available,9.99,,high,low,6,name.com,,,
dd1873c2-14b2-4737-894a-7b48170d4598,hannukah.school,available,9.99,,medium,low,8,name.com,,,
67e9a867-82f1-42d3-9e54-5ac5c4ec17c4,alongside.school,available,38.48,49.98,high,low,9,namecheap,,,13/09/2026 19:12
4ba34ef1-3aec-471d-8c9d-4131a2554624,realizable.school,available,9.99,46.99,high,low,10,name.com,,,21/09/2026 15:51
cd585439-b386-4e4e-a066-6753f8fbb45f,gyrate.school,available,36.49,36.49,medium,low,6,namesilo,,,10/09/2026 15:51
e8923215-91ff-4cb2-9e66-2d3e8a3b98e5,vegas.school,premium,118.8,118.8,high,low,5,namesilo,,,25/09/2026 15:39
e400b740-d9f0-4f91-bc0d-a5ddf5380637,tahitian.school,available,36.49,36.49,high,low,8,namesilo,,,11/09/2026 07:06
24368f9b-cf24-4c6c-b561-0f2cbfc003fb,atypical.school,available,9.99,46.99,high,low,8,name.com,,,07/08/2026 16:06
f9ff07ef-8fe3-46ea-8464-99be79a585be,critically.school,available,9.99,,medium,low,10,name.com,,,
f610b053-a669-471d-a6d2-d2934c1b7e27,exchanging.school,available,36.49,36.49,medium,low,10,namesilo,,,20/09/2026 00:55
d8c09c31-78a9-4253-bf3d-d1abd8954acc,deepest.school,available,9.99,,medium,low,7,name.com,,,
8fedd6d5-275b-47a1-97da-a2344ff28736,astrologer.school,available,38.48,49.98,high,low,10,namecheap,,,20/09/2026 17:47
1fddd657-f4a2-40ae-8307-08e6ed1ed3a8,burnished.school,available,9.99,46.99,medium,low,9,name.com,,,11/08/2026 10:59
77be21b2-996c-4b22-afbd-09d57293a874,akaba.school,available,36.49,36.49,medium,low,5,namesilo,,,17/09/2026 23:49
43b550a3-6e03-4c3c-9b08-27aecf4bf4d0,faster.school,available,38.48,49.98,high,low,6,namecheap,,,14/09/2026 17:46
cc0da7f2-8384-44e3-a900-14cdaf2c5fb3,mannerism.school,available,36.49,36.49,high,low,9,namesilo,,,17/09/2026 14:14
d71e125c-b61a-48e7-acef-07b2faee2d2b,oracular.school,available,36.49,36.49,medium,low,8,namesilo,,,04/09/2026 17:12
b80cfd2f-36f9-4f85-89bf-72fd3027c70d,subtly.school,available,36.49,36.49,medium,low,6,namesilo,,,16/09/2026 07:33
0c5beb7b-f7cb-4100-b232-da1660157868,putnam.school,available,36.49,36.49,high,low,6,namesilo,,,25/09/2026 16:07
2291e9a5-0d2e-442f-8cef-1d8eef6defee,tornado.school,available,9.99,,high,low,7,name.com,,,
79f44a49-774a-4ca7-af3c-587d424fb055,imprudent.school,available,9.99,46.99,medium,low,9,name.com,,,21/08/2026 23:23
78720b81-35f9-4600-8476-12baabde04f0,moldy.school,available,38.48,49.98,medium,low,5,namecheap,,,25/09/2026 21:25
8ab9d0ce-16c7-4af0-ade7-053e56a20694,circuitous.school,available,9.99,46.99,medium,low,10,name.com,,,12/08/2026 08:18
54f7d905-37c3-46dc-bea6-eb6bed0ae454,unleavened.school,available,36.49,36.49,medium,low,10,namesilo,,,12/09/2026 14:46
b45b0106-238a-4f8a-a55b-eb723e841535,bandstand.school,available,36.49,36.49,high,low,9,namesilo,,,22/09/2026 01:32
d1580b9c-82e0-4495-827f-51a3e67b15c0,helping.school,available,9.99,,high,low,7,name.com,,,
5aaf5c46-409f-4090-90f3-ed97edc534b6,unsightly.school,available,38.48,49.98,medium,low,9,namecheap,,,12/09/2026 19:53
398904ec-e76d-4aec-8bee-81f168ae3606,capsulated.school,available,9.99,46.99,medium,low,10,name.com,,,11/08/2026 18:12
0c458f96-c86e-41e9-ad4f-fb135f805dde,devoutly.school,available,36.49,36.49,high,low,8,namesilo,,,14/09/2026 12:30
3a3229ff-ddac-4486-a8a8-9e17e0369d89,custodial.school,available,9.99,46.99,high,low,9,name.com,,,13/08/2026 12:19
bc3f0587-cd14-4fd6-8d61-3be6a231fe9d,cary.school,available,36.49,36.49,high,low,4,namesilo,,,25/09/2026 12:59
3afea29d-4c10-4425-aa43-9b0650a368a3,ingrained.school,available,9.99,46.99,high,low,9,name.com,,,13/08/2026 22:49
139f09d0-7f0a-46bc-b10a-b01a5296a3da,lendable.school,available,9.99,46.99,high,low,8,name.com,,,22/08/2026 23:35
9d967269-2ffc-4f31-8116-b9677f97e504,buzz.school,premium,118.8,118.8,high,low,4,namesilo,,,25/09/2026 00:26
85bfa0c0-f159-4961-84ea-3c6bf40c1bf5,unstaged.school,available,38.48,49.98,medium,low,8,namecheap,,,12/09/2026 20:29
ce454835-4e4b-4719-b413-c97903a73e09,throat.school,available,36.49,36.49,high,low,6,namesilo,,,26/09/2026 00:01
3ac92927-2bcc-42c9-a448-3344ddeb604d,graven.school,available,9.99,46.99,medium,low,6,name.com,,,17/08/2026 07:43
3bddf053-13d7-4029-8ed4-c8aec2d0eac6,morbid.school,available,9.99,46.99,medium,low,6,name.com,,,14/08/2026 10:10
5a0376c5-e815-4c61-aa27-a718eb73119c,unexplored.school,available,36.49,36.49,high,low,10,namesilo,,,12/09/2026 09:42
36d9b90b-4bc7-456b-b499-802b116a321d,temple.school,available,,,high,high,6,,,,
54465d5e-e3ae-4bc5-aa93-257c8b66d739,midmost.school,available,9.99,46.99,medium,low,7,name.com,,,24/08/2026 22:29
76608558-2a84-485b-94be-b0eaade567e3,coffeemakers.school,available,36.49,36.49,medium,low,12,namesilo,,,21/09/2026 01:27
87f7d844-d800-4f3c-b3d8-4b78d8672e7e,prior.school,available,9.99,,high,low,5,name.com,,,
0c6f7288-6502-4ffe-aaf9-b1adc68391fd,hither.school,available,36.49,36.49,medium,low,6,namesilo,,,15/09/2026 00:48
4b440a1f-b906-4c8c-a95a-0b41dcddfb10,widgeon.school,available,38.48,49.98,medium,low,7,namecheap,,,19/09/2026 02:58
fabe5e9d-9928-4d25-a96f-7b168f47dae1,echo.school,resell,,,high,medium,4,"Xiamen ChinaSource Internet Service Co., Ltd",22/02/2026 15:15,22/02/2027 15:15,26/09/2026 05:45
91f1d790-6ec3-4374-af48-451241e982fc,generated.school,available,36.49,36.49,medium,low,9,namesilo,,,19/09/2026 12:09
4ee4b631-58de-46a0-a1d9-2759caa1c46a,magnetized.school,available,9.99,46.99,medium,low,10,name.com,,,24/08/2026 13:04
c2a5a4a5-11d7-439c-9fe4-8da9fb6c78e4,zoophagous.school,available,9.99,46.99,low,low,10,name.com,,,18/08/2026 07:58
7a144225-569d-4657-8374-5b88741f66ba,adviseable.school,available,9.99,,high,low,10,name.com,,,
055cbcc6-8746-42e3-bd3b-5945dd093792,layperson.school,available,36.49,36.49,medium,low,9,namesilo,,,10/09/2026 01:26
bcb5cc9e-6710-4222-92bf-f0b32b5d67d7,ellipsoid.school,available,9.99,46.99,medium,low,9,name.com,,,16/08/2026 04:37
b35e3d51-884a-4f93-b811-85b5a7f1d207,supporter.school,available,36.49,36.49,high,low,9,namesilo,,,22/09/2026 10:07
12754aae-beee-4a75-9747-2b247e270ff8,latvian.school,premium,64.35,128.7,high,low,7,namecheap,,,22/08/2026 20:47
02f67299-bfe4-4462-b865-0fd4113ad8c0,summoned.school,available,9.99,,medium,low,8,name.com,,,
4ef3cb42-fece-4815-9ac4-2d6b1101fc39,ascites.school,available,38.48,49.98,medium,low,7,namecheap,,,20/09/2026 13:17
7b8ad443-3060-403a-b6f6-20d030a969ba,lawless.school,available,9.99,46.99,medium,low,7,name.com,,,
537d3683-88df-4bf5-86d2-6d5df6330b83,betaine.school,available,36.49,36.49,medium,low,7,namesilo,,,23/09/2026 11:03
856abca9-c714-45c2-93a4-d95355a478eb,francisca.school,available,9.99,,high,low,9,name.com,,,
32e33a1a-2916-4250-930a-724df588099f,daring.school,available,9.99,46.99,high,low,6,name.com,,,07/08/2026 21:39
7e42fcb3-f47c-4fc3-a800-e41d5bff5e92,ripening.school,available,9.99,46.99,high,low,8,name.com,,,
838b89df-bbb8-4eca-bdd0-fa8745441d6f,headteacher.school,available,9.99,,high,low,12,name.com,,,
272a7a3a-ca02-481a-8d00-2f5ab031c838,lithesome.school,available,9.99,46.99,medium,low,9,name.com,,,24/08/2026 01:12
87da0be8-8c6f-403c-88d2-ba1de0ea84b8,shirley.school,available,38.48,49.98,high,low,7,namecheap,,,25/09/2026 13:56
eb6e9f34-bb12-4df5-bd7e-15efc3550690,beebread.school,available,36.49,36.49,medium,low,8,namesilo,,,18/09/2026 17:24
3670495e-c3cf-492a-a103-ba6ddc236a26,aunty.school,available,36.49,36.49,high,low,5,namesilo,,,21/09/2026 04:13
50d8d4fd-00d6-4803-9c38-8b2e233e426a,parishes.school,available,36.49,36.49,medium,low,8,namesilo,,,18/09/2026 08:08
a3e13b0e-3b7a-4c7e-9a69-037a0ab30e22,leak.school,available,9.99,,high,low,4,name.com,,,
da21b684-534c-48bc-b99e-5c8db0511359,bipolar.school,available,36.49,36.49,high,low,7,namesilo,,,24/09/2026 08:27
2a3b02a0-1d34-4d97-a664-ac61811bcdf1,traverse.school,available,9.99,46.99,high,low,8,name.com,,,13/08/2026 07:58
34cef71d-b4e3-4341-bf0a-1363dc46e185,patently.school,available,38.48,49.98,medium,low,8,namecheap,,,08/09/2026 20:24
1605a1ba-f904-4fa4-8f47-b8a2623178e5,published.school,available,9.99,,high,low,9,name.com,,,
e92a89cb-fc46-419a-bd52-621e2fec1e76,conquest.school,available,9.99,,high,low,8,name.com,,,
82baf97b-2a3e-4c0e-ac19-f3006b929283,titular.school,available,36.49,36.49,high,low,7,namesilo,,,11/09/2026 16:32
14a797fc-6b14-47f2-85ed-8b665a842124,screecher.school,available,36.49,36.49,medium,low,9,namesilo,,,22/09/2026 17:04
91950621-b46d-42c9-a9af-abf9d3dec3a1,stoppers.school,available,36.49,36.49,medium,low,8,namesilo,,,20/09/2026 12:45
5359772c-6927-463c-809f-224c40562b6d,confluent.school,available,9.99,46.99,high,low,9,name.com,,,12/08/2026 21:07
8472fb4c-600f-43e8-be69-32bb716b7a55,althaea.school,available,36.49,36.49,medium,low,7,namesilo,,,18/09/2026 14:53
37baf36b-dff6-4b24-a2ad-cfd804c07182,contents.school,available,9.99,,high,low,8,name.com,,,
2007f4db-47af-4fd1-9ad5-e22850af7ee5,slept.school,available,9.99,,medium,low,5,name.com,,,
0a6c5a26-b0d4-4fa1-9a40-9ff395ab8e9f,overdue.school,available,36.49,36.49,medium,low,7,namesilo,,,26/09/2026 03:28
543480d8-05ba-4a49-a35e-083181cce0f2,lord.school,available,36.49,36.49,high,low,4,namesilo,,,22/09/2026 01:47
56c0c606-5482-44cf-ad12-ec5dbd416b02,former.school,available,38.48,49.98,high,low,6,namecheap,,,24/09/2026 21:24
1e14b81e-c5f8-43a0-b112-4482be72eb3d,arizonian.school,available,36.49,36.49,medium,low,9,namesilo,,,20/09/2026 06:06
48acecac-099b-4b4c-b505-30cbd9b64765,charged.school,available,9.99,46.99,high,low,7,name.com,,,12/08/2026 02:31
46d80a34-36b3-4069-8c0a-a4b8983bc03b,avoidance.school,available,36.49,36.49,medium,low,9,namesilo,,,21/09/2026 09:49
ac0680f1-1fb4-43eb-a7c4-fe294f1b6af3,dryers.school,available,36.49,36.49,medium,low,6,namesilo,,,21/09/2026 07:40
a7d5c010-ec5f-4a85-b582-f7a9be32f697,polo.school,available,,,high,high,4,,,,
fd1c89af-67de-4f4e-819f-0e6d81c55e3c,muhammadan.school,available,9.99,46.99,medium,low,10,name.com,,,25/08/2026 03:21
75a72b1a-e2bb-407e-877d-e408bf4c7c65,drear.school,available,9.99,46.99,medium,low,5,name.com,,,14/08/2026 11:45
f0d3ffd6-4c69-4a9a-9a64-3130e7011cb6,fissile.school,available,9.99,46.99,medium,low,7,name.com,,,18/08/2026 05:34
44dfeb8e-04e0-46f6-84da-aef5cab93f8c,biscuit.school,available,38.48,49.98,high,low,7,namecheap,,,23/09/2026 21:32
c8057a0a-edad-46ec-b993-fd925585f040,rapturous.school,available,9.99,46.99,high,low,9,name.com,,,14/08/2026 23:48
716d5f81-7b69-4eeb-af35-7c7f1e247fbc,purchasing.school,available,36.49,36.49,high,low,10,namesilo,,,24/09/2026 11:23
1d915672-fd48-458f-94eb-40cac022388e,acyclovir.school,available,36.49,36.49,medium,low,9,namesilo,,,17/09/2026 05:41
b889a006-7320-43ed-a639-ef988ebb40fa,overshot.school,available,36.49,36.49,medium,low,8,namesilo,,,04/09/2026 21:51
d1744ff7-25b7-46cb-ac35-9825c5989f5e,bumbling.school,available,9.99,46.99,medium,low,8,name.com,,,11/08/2026 09:34
1ade3d92-cb45-4477-825e-06c2c0217a68,jawless.school,available,9.99,46.99,medium,low,7,name.com,,,22/08/2026 12:34
eb95017d-ff8b-4ca2-9d48-98383d33318f,separation.school,available,9.99,,high,low,10,name.com,,,
5b00e2a9-e1d0-49d3-93fb-b6ff5ac19da6,beech.school,available,36.49,36.49,high,low,5,namesilo,,,23/09/2026 00:02
4440939d-6c7f-462f-bfed-ac5767eb997d,batter.school,available,36.49,36.49,high,low,6,namesilo,,,22/09/2026 14:16
2bd639ff-72d4-468d-909f-4712f9de6787,vassal.school,available,9.99,46.99,medium,low,6,name.com,,,18/08/2026 03:02
d3e4962c-72cc-47d9-8344-bc6264c2df9f,blest.school,available,9.99,46.99,high,low,5,name.com,,,10/08/2026 14:15
d39f3ee2-2f18-495a-a54e-285dc460f0df,nosed.school,available,38.48,49.98,medium,low,5,namecheap,,,03/09/2026 21:45
27905397-07e2-4ee4-96c4-7db7d82b13b6,shameless.school,available,36.49,36.49,medium,low,9,namesilo,,,10/09/2026 05:53
bb022693-bf08-4b0e-8c22-b9b3353c9578,bagging.school,available,38.48,49.98,medium,low,7,namecheap,,,21/09/2026 18:06
e1aef1be-d479-408a-9e17-6ec1ee0b8a98,resists.school,available,36.49,36.49,medium,low,7,namesilo,,,18/09/2026 10:58
544785ff-d167-420f-aea2-f41488389ebc,coastwise.school,available,9.99,46.99,medium,low,9,name.com,,,12/08/2026 14:12
6e59f310-65d5-4dbc-af3a-71513dce4cb9,accusation.school,available,9.99,,high,low,10,name.com,,,
032ac3a7-0d27-417b-a8f7-753122d0d1cb,annexe.school,available,36.49,36.49,high,low,6,namesilo,,,19/09/2026 10:24
e817c014-e9cd-4ca6-bc91-69cd4fedbcef,gilding.school,available,9.99,46.99,high,low,7,name.com,,,18/08/2026 23:37
64d03ae0-c9a4-4b8d-9715-532e50d6eefc,dickhead.school,available,9.99,46.99,medium,low,8,name.com,,,08/08/2026 23:34
31ba9abf-4925-43cb-902d-c3d49f32aa6a,maven.school,resell,,,high,low,5,"Xiamen ChinaSource Internet Service Co., Ltd",27/02/2025 15:15,27/02/2027 15:15,26/09/2026 07:28
a2f449a1-db27-46b5-b38b-0318960fe63e,pebbly.school,available,9.99,46.99,medium,low,6,name.com,,,20/08/2026 18:47
5f3419f5-bc2c-42eb-88fd-2e88979b725e,antiracist.school,available,9.99,,high,low,11,name.com,,,
d39fc7c6-bba6-4387-9bd8-d7a16d8ee65f,banjul.school,available,36.49,36.49,medium,low,6,namesilo,,,22/09/2026 02:12
85af42ab-9f77-4077-9feb-c5b5e3f27168,acarina.school,available,38.48,49.98,medium,low,7,namecheap,,,16/09/2026 21:31
7032a356-a024-412c-8910-1232784b3d0c,procure.school,available,36.49,36.49,high,low,7,namesilo,,,10/09/2026 01:32
dacd7950-83b5-4d62-a344-771111ad23d3,cloudiness.school,available,38.48,49.98,medium,low,10,namecheap,,,04/09/2026 20:28
24cbf2d0-edb6-4dde-8e8d-e6fe8eb26512,practicing.school,available,9.99,,high,low,10,name.com,,,
99ae1855-60db-4070-ad7f-48643273e4fb,myalgic.school,available,36.49,36.49,medium,low,7,namesilo,,,03/09/2026 11:57
e1675cc0-3c9e-4da6-bcd3-532886430633,pins.school,available,36.49,36.49,high,low,4,namesilo,,,18/09/2026 08:25
c059bd25-af26-44af-be55-f8df8732e7b0,hydrous.school,available,9.99,46.99,medium,low,7,name.com,,,21/08/2026 16:14
8978b0ef-c959-4690-9b37-ca7743a946e8,inspiring.school,available,36.49,36.49,high,low,9,namesilo,,,25/09/2026 09:50
32b63ab2-b120-4644-a655-e1cde9b78b57,matai.school,available,38.48,49.98,medium,low,5,namecheap,,,24/09/2026 01:23
76e9b383-5b25-4f4a-9a14-ea06af8431af,pluses.school,available,36.49,36.49,medium,low,6,namesilo,,,21/09/2026 02:09
151c5196-230f-4d3e-addf-3047ae46a59e,corpulence.school,available,36.49,36.49,medium,low,10,namesilo,,,04/09/2026 22:00
73e04ee8-a368-47b9-9db2-0ceaa663f98d,boyish.school,available,9.99,46.99,high,low,6,name.com,,,11/08/2026 00:04
11100ee2-8856-44d3-b387-8a2eb20d8dd9,ragweed.school,available,38.48,49.98,high,low,7,namecheap,,,23/09/2026 08:50
f5eaa979-9955-47ef-925a-07c0a2f5f63e,razz.school,available,36.49,36.49,medium,low,4,namesilo,,,21/09/2026 19:47
56a386b4-2a0d-4aa7-ac25-2ea1e092008f,niffy.school,available,36.49,36.49,low,low,5,namesilo,,,03/09/2026 17:10
62e0f5da-fe69-49f5-8ce7-ca41260bfdd0,calendric.school,available,9.99,46.99,medium,low,9,name.com,,,11/08/2026 14:14
4674ddf5-5705-4af1-abb8-7835a1d9a010,babel.school,available,36.49,36.49,high,low,5,namesilo,,,21/09/2026 12:37
d18efca0-793d-492d-9405-aaaa17abda2b,unfailing.school,available,9.99,46.99,high,low,9,name.com,,,18/08/2026 10:39
517438d6-edf9-4a30-86e3-58935eeeb166,leased.school,available,9.99,46.99,high,low,6,name.com,,,12/08/2026 02:50
ae941bab-abfa-479b-b77d-274739e176c3,ephemeral.school,available,9.99,46.99,high,low,9,name.com,,,17/08/2026 10:17
d57ae725-d582-42a6-b998-62ebe6b86b51,landscaping.school,premium,118.8,118.8,high,low,11,namesilo,,,24/09/2026 05:36
b17bb20d-a8fd-4941-ac9b-d2011a0dd01a,wear.school,resell,,,high,low,4,"Chengdu West Dimension Digital Technology Co., Ltd.",19/02/2025 15:41,19/02/2027 15:41,26/09/2026 10:05
dae3c7a3-2b7a-4b62-bfaf-bda6e17b9109,stormproof.school,available,38.48,49.98,medium,low,10,namecheap,,,10/09/2026 21:24
b7c305e2-b6e0-4d72-a5de-ce50041bf268,affixal.school,available,9.99,46.99,medium,low,7,name.com,,,
daafbb5a-70ec-45a5-9833-969edc7b7375,actuality.school,available,36.49,36.49,high,low,9,namesilo,,,17/09/2026 05:19
e7ee3408-18c0-4441-928b-541637a107c9,beldame.school,available,36.49,36.49,medium,low,7,namesilo,,,23/09/2026 04:46
2525ea3d-eaae-4a73-8fd0-205d31ecbad1,sandhopper.school,available,36.49,36.49,medium,low,10,namesilo,,,22/09/2026 18:44
9bffa2a0-0481-4ea0-9a43-50f5c4ab7c39,replay.school,available,36.49,36.49,high,low,6,namesilo,,,17/09/2026 05:07
ce540c9a-9318-487f-8d36-bd012c936890,balaton.school,available,,,medium,low,7,,,,21/09/2026 21:18
4cb4a5e0-f3ad-4cc5-8f89-cd9e852548b5,excavation.school,available,36.49,36.49,high,low,10,namesilo,,,20/09/2026 01:55
1febe5ff-8a4c-44b4-8bf2-21c59b0b858d,proximate.school,available,36.49,36.49,high,low,9,namesilo,,,09/09/2026 04:46
4e86b4b6-229d-4eb1-ae85-815a318dd572,devoted.school,available,36.49,36.49,high,low,7,namesilo,,,24/09/2026 08:04
004e4b8a-264e-4a0b-8247-77ef52830524,streetcleaner.school,available,9.99,,low,low,14,name.com,,,
2c390a63-8bcf-45a8-8dee-82b9cd752254,fragmented.school,available,9.99,46.99,medium,low,10,name.com,,,14/08/2026 13:27
87a13762-11b3-4158-9bc8-2a749aa7641e,arouse.school,available,9.99,46.99,high,low,6,name.com,,,07/08/2026 23:59
d6a7de0c-d910-4eba-8f34-f7675112d550,embryonic.school,available,9.99,46.99,high,low,9,name.com,,,16/08/2026 13:28
8909c7ab-7455-4c16-9f9d-b858c148b84a,pestered.school,available,9.99,46.99,medium,low,8,name.com,,,21/08/2026 00:13
7a161799-53ee-478c-9794-47489eb95d91,bellyband.school,available,36.49,36.49,medium,low,9,namesilo,,,23/09/2026 06:51
11747a52-2c2a-4ce1-b9af-40bbeb4bc7e0,trader.school,resell,,,high,low,6,"Chengdu West Dimension Digital Technology Co., Ltd.",03/06/2015 16:00,03/06/2027 16:00,26/09/2026 09:43
87a12d45-5c35-47cb-83e9-1c38db2e8a02,germinal.school,available,9.99,46.99,high,low,8,name.com,,,18/08/2026 22:49
31176cc6-fe97-45bf-913a-fa1a01d01cad,pittsburgh.school,available,9.99,,high,low,10,name.com,,,
4a11a8a1-3884-4940-9030-d09d97a705e3,wilhelm.school,available,38.48,49.98,high,low,7,namecheap,,,25/09/2026 18:53
7c6d099d-e9c1-40d8-8511-b675036afdb1,blending.school,available,36.49,36.49,high,low,8,namesilo,,,24/09/2026 05:51
eb7b3342-e132-4252-93f7-9e15bcf3cbab,screw.school,available,9.99,46.99,high,low,5,name.com,,,18/08/2026 17:26
1a3c9885-e4e0-4f1e-aa65-a21d0857bbab,bristol.school,premium,118.8,118.8,high,low,7,namesilo,,,24/09/2026 10:36
3bb582e7-7a09-4da1-9266-0d017fb5c5fe,windy.school,available,36.49,36.49,high,low,5,namesilo,,,22/09/2026 22:44
5b8b4592-bfb3-416e-84cb-9acd9d969968,aper.school,available,36.49,36.49,medium,low,4,namesilo,,,19/09/2026 16:29
c487e501-869a-42cd-89d8-32f180587735,concluding.school,available,36.49,36.49,high,low,10,namesilo,,,19/09/2026 15:36
6c73898e-1a9a-457b-8f6d-d8fff9c9ed66,unorthodox.school,available,9.99,46.99,high,low,10,name.com,,,24/08/2026 17:44
fcb80f58-2c56-4d73-866c-e2332343ac94,marblewood.school,available,36.49,36.49,medium,low,10,namesilo,,,19/09/2026 03:58
5dfe8e2f-c087-4001-9e24-05a93ce8f20f,jordanian.school,premium,64.35,128.7,high,low,9,namecheap,,,22/08/2026 14:01
5f68bde2-a0af-4193-adfc-8f0e28c5c3a1,larboard.school,available,9.99,46.99,medium,low,8,name.com,,,22/08/2026 19:51
d969d966-df09-4b0c-83db-77a5d8b3892a,bastion.school,available,36.49,36.49,high,low,7,namesilo,,,22/09/2026 12:50
9db10fb1-b7bd-4cf0-a8b7-d14aac06e3fa,taped.school,available,9.99,46.99,high,low,5,name.com,,,11/09/2026 08:15
07d1a748-a229-45f6-be36-ba799ff0176c,kanaf.school,available,36.49,36.49,medium,low,5,namesilo,,,23/09/2026 16:56
b1f1132c-21df-4ddc-9a0c-5290c21f14f0,jump.school,resell,,,high,low,4,"Xiamen ChinaSource Internet Service Co., Ltd",15/05/2025 15:15,15/05/2027 15:15,26/09/2026 07:02
537aadc7-7e59-4b1a-8e8a-e47fac32733b,farmer.school,premium,64.35,128.7,high,low,6,namecheap,,,08/09/2026 06:02
65bc5f8c-df54-4b90-b00c-1a4dd63d9751,clerical.school,available,9.99,46.99,high,low,8,name.com,,,12/08/2026 10:48
e179b4c8-8090-4774-b325-265f8e3ae08c,raccoon.school,available,9.99,,high,low,7,name.com,,,
2a874687-afe6-4694-b06d-fec3b822c877,subclavian.school,available,36.49,36.49,medium,low,10,namesilo,,,10/09/2026 23:40
16b63a4e-3de6-4e69-927b-e969bfc678b4,enraptured.school,available,9.99,46.99,high,low,10,name.com,,,14/08/2026 23:46
8f5701d8-15b8-49f6-b222-57e313ab4d1c,masonic.school,available,9.99,46.99,high,low,7,name.com,,,24/08/2026 16:39
1043d2c6-341e-4436-9854-745ca6f44c16,brag.school,available,36.49,36.49,high,low,4,namesilo,,,23/09/2026 00:49
23a800e4-a3f1-4d16-a2fe-5d7f7fd7ba62,mocking.school,available,9.99,46.99,medium,low,7,name.com,,,14/08/2026 02:52
4080e517-008b-4902-8adc-c6af052f77e4,trick.school,available,38.48,49.98,high,low,5,namecheap,,,22/09/2026 06:28
b4db41ad-1f8e-4afd-b185-f209a4de94f3,buffer.school,available,9.99,,high,low,6,name.com,,,
b878a617-7eef-4387-af00-959087c8cf82,malone.school,available,38.48,49.98,high,low,6,namecheap,,,25/09/2026 05:13
ae1ba5c2-1943-469a-91d2-40a01aba53fb,redress.school,available,36.49,36.49,high,low,7,namesilo,,,09/09/2026 17:27
71be3707-efbf-41a1-821f-ba1625482ec1,sophisticated.school,available,9.99,,high,low,13,name.com,,,
19904e3b-d7b5-4da2-b444-30fc84d79811,ambo.school,available,36.49,36.49,medium,low,4,namesilo,,,18/09/2026 17:17
6d526e12-65a2-4e82-a666-ee94cd91d45b,comparably.school,available,36.49,36.49,medium,low,10,namesilo,,,14/09/2026 07:37
6b1bc07c-9bc8-47e5-9abc-3bfab8bc9816,patriotism.school,available,9.99,,high,low,10,name.com,,,
6aa1715b-5a23-4781-9360-ff7d363bca79,concealing.school,available,9.99,46.99,high,low,10,name.com,,,12/08/2026 19:52
0c8941b3-a6da-47da-a26c-06d232c6434e,strange.school,available,9.99,,high,low,7,name.com,,,
eac6b611-4f11-4c4a-b15d-1c7588b1ad49,aliquot.school,available,9.99,46.99,medium,low,7,name.com,,,
f5fd2074-3646-4eac-8340-d751e901bd5c,lackluster.school,available,9.99,46.99,medium,low,10,name.com,,,22/08/2026 18:07
0780682f-401b-4fab-a3b7-a685905d1027,furthermore.school,available,38.48,49.98,high,low,11,namecheap,,,17/09/2026 08:41
af1883c1-3907-4cfb-ad75-b3cf6d1cb04a,energizing.school,available,9.99,46.99,high,low,10,name.com,,,
baeffdd4-030c-4baa-8968-282d36a5b753,maldon.school,available,36.49,36.49,medium,low,6,namesilo,,,22/09/2026 15:25
857441bc-7d6e-46c6-93f4-d0499780a608,colin.school,available,38.48,49.98,high,low,5,namecheap,,,26/09/2026 03:20
6a64d659-69b7-4436-9d38-886818923c94,varied.school,available,9.99,,high,low,6,name.com,,,
d80f1268-7e4e-4cf0-b5f7-d6eab8ea9cdf,detoxify.school,available,9.99,,high,low,8,name.com,,,
fe1632d6-4a3c-4709-ac43-491827e8e3ad,antwerp.school,available,38.48,49.98,medium,low,7,namecheap,,,19/09/2026 15:48
035f910f-e733-49ec-b839-6823efc72950,absinthe.school,available,38.48,49.98,high,low,8,namecheap,,,16/09/2026 17:47
a4d7e1b6-be24-488d-b847-baa41b505bb3,sundown.school,available,36.49,36.49,high,low,7,namesilo,,,11/09/2026 02:12
dbce3aab-96c7-4e02-96c4-fd61ededb387,sexiness.school,available,36.49,36.49,high,low,8,namesilo,,,18/09/2026 16:14
334c5cf4-0c56-4a85-a18a-5d3460362223,allen.school,available,36.49,36.49,high,low,5,namesilo,,,18/09/2026 10:46
967fa6d9-0768-4732-8cba-5d7a7f1428f6,anshar.school,available,38.48,49.98,medium,low,6,namecheap,,,19/09/2026 12:12
2a90e055-6bbb-4a6e-964e-07740cde17cf,expect.school,available,9.99,,high,low,6,name.com,,,
82982838-a92e-430f-843e-d01a4b0dbbb2,baklava.school,available,38.48,49.98,high,low,7,namecheap,,,21/09/2026 20:21
fe85a2f8-7342-4f8e-8133-e7a60d603e54,allograph.school,available,36.49,36.49,medium,low,9,namesilo,,,18/09/2026 11:54
f9badc22-5f48-4c37-beeb-3332ebb1bd01,flips.school,available,38.48,49.98,medium,low,5,namecheap,,,19/09/2026 20:33
16f25f16-79aa-4527-9f2b-3549055b1ff9,exilic.school,available,9.99,46.99,medium,low,6,name.com,,,17/08/2026 17:19
7f68f649-0a4d-40e3-b9f0-377079247e69,construction.school,resell,,,high,low,12,"Xiamen ChinaSource Internet Service Co., Ltd",20/02/2026 15:15,20/02/2027 15:15,26/09/2026 05:13
c2e11566-991b-4599-856c-41a3fa2c8a99,behrens.school,available,36.49,36.49,high,low,7,namesilo,,,23/09/2026 03:56
f9bf6266-ac3d-4c3b-ac2a-7136ede02629,others.school,available,36.49,36.49,high,low,6,namesilo,,,25/09/2026 16:48
fdc9058d-4dc8-4985-89f7-5bf8cd1a3c3c,tunica.school,available,36.49,36.49,medium,low,6,namesilo,,,17/09/2026 10:35
edb2f766-f379-45ca-ba85-20ccea13e510,label.school,available,9.99,,high,low,5,name.com,,,
1cdeec39-0696-4318-b332-01401a8963e3,stonelike.school,available,38.48,49.98,medium,low,9,namecheap,,,08/09/2026 18:26
a94f8f79-a4db-4623-91b6-3a5157516492,love.school,resell,,,high,medium,4,"Chengdu West Dimension Digital Technology Co., Ltd.",01/12/2025 19:43,01/12/2026 19:43,26/09/2026 07:19
076367d6-3b7e-4890-860c-39363958752e,monegasque.school,premium,64.35,128.7,medium,low,10,namecheap,,,25/08/2026 04:03
3801bf3e-381e-4f59-807c-26f8b77fda70,appreciative.school,available,9.99,,high,low,12,name.com,,,
334fa44e-47b0-4b0b-8c12-4b56605473ec,saccade.school,available,9.99,46.99,medium,low,7,name.com,,,22/08/2026 12:47
81e9afd0-256c-4162-ae99-2f46996fce4c,dispatching.school,available,9.99,,high,low,11,name.com,,,
283ba76e-443b-451b-8118-6a5ee402f034,soph.school,available,36.49,36.49,high,low,4,namesilo,,,10/09/2026 14:20
62d33da8-ba70-4ed3-80f3-d5ad6dc333a4,prissily.school,available,38.48,49.98,low,low,8,namecheap,,,15/09/2026 21:29
6c71c204-5ba4-41d8-9f6c-ca2c7b4eb0ad,antenatal.school,available,36.49,36.49,high,low,9,namesilo,,,22/09/2026 05:59
5b8e534b-7e78-4633-8f8e-25e12f7b62d2,bandage.school,available,36.49,36.49,high,low,7,namesilo,,,22/09/2026 00:52
7ab18427-47ad-4169-a359-909f272aad0b,enatic.school,available,9.99,46.99,medium,low,6,name.com,,,16/08/2026 21:20
e87d01ec-2691-4c6f-982c-7d02b8f439ec,airspeed.school,available,36.49,36.49,high,low,8,namesilo,,,17/09/2026 23:22
55130e4f-84ee-40ff-96bd-dca091592b09,wrap.school,resell,,,high,low,4,"Chengdu West Dimension Digital Technology Co., Ltd.",01/09/2023 15:15,01/09/2027 15:15,26/09/2026 10:14
e345d790-9cd8-4bea-8c89-83e387e61e4f,shun.school,available,36.49,36.49,high,low,4,namesilo,,,24/09/2026 02:00
accde289-6f57-4999-8635-38e188d0efa0,women.school,resell,,,high,low,5,"Chengdu West Dimension Digital Technology Co., Ltd.",18/05/2025 15:16,18/05/2027 15:16,26/09/2026 10:12
70d13e36-ae78-44bb-bde0-393ff99be300,incased.school,available,9.99,46.99,medium,low,7,name.com,,,11/08/2026 20:08
407c0daf-17fa-4020-a783-33d17cee346e,toured.school,available,36.49,36.49,medium,low,6,namesilo,,,20/09/2026 05:39
95dcfa5f-3c60-4fa9-a9e3-780ce5a90897,unsexy.school,available,38.48,49.98,medium,low,6,namecheap,,,12/09/2026 19:23
d49a1199-fce0-4fbd-9284-178a8ca8bec2,seaworthy.school,available,36.49,36.49,high,low,9,namesilo,,,10/09/2026 01:05
264ab42f-9ab3-4e51-a551-306913f2b488,testify.school,available,36.49,36.49,high,low,7,namesilo,,,25/09/2026 11:08
ae46100e-0f31-4f73-9aa5-b044e390b979,adenoma.school,available,36.49,36.49,medium,low,7,namesilo,,,17/09/2026 07:30
66a5dc61-3bd8-464d-8ee2-90ec092cb420,spookily.school,available,36.49,36.49,medium,low,8,namesilo,,,14/09/2026 15:07
32268578-feaf-467a-a270-d52b4eebcb0a,overgreedy.school,available,36.49,36.49,medium,low,10,namesilo,,,04/09/2026 20:38
8a44c12d-fe23-4b38-acb6-984027db3def,grounds.school,available,38.48,49.98,high,low,7,namecheap,,,24/09/2026 20:34
87b854ac-d65c-4910-af19-9ea4eaca0f8e,tortrix.school,available,36.49,36.49,medium,low,7,namesilo,,,20/09/2026 05:04
b27dc3c6-d449-4882-83e7-92f72571e4c3,supermodel.school,available,9.99,,high,low,10,name.com,,,
8ce41faa-870b-4a2b-9139-6cb1a3efedd7,illegible.school,available,9.99,46.99,medium,low,9,name.com,,,21/08/2026 19:48
548d875a-e7b2-4705-8687-2a813d88977a,tasty.school,available,36.49,36.49,high,low,5,namesilo,,,11/09/2026 09:04
91aa59a7-0c25-4d26-84f6-11f8bf8cd239,intercultural.school,available,9.99,,high,low,13,name.com,,,
86afc331-3da3-407f-9fa3-84d92e812cbb,handless.school,available,9.99,46.99,medium,low,8,name.com,,,11/08/2026 10:12
dccae8d7-c2c3-43a0-b220-3124bc7c779f,gaelic.school,available,9.99,46.99,high,low,6,name.com,,,11/08/2026 23:40
c4f92828-6a1d-4370-84d2-c56f514a09fd,claim.school,available,9.99,,high,low,5,name.com,,,
a92c9783-0504-4b09-9015-6e01a1c22470,screenshot.school,available,9.99,,high,low,10,name.com,,,
9cbac4a4-b9ba-4327-a269-19bd6bbd8705,catarrhine.school,available,9.99,46.99,medium,low,10,name.com,,,11/08/2026 21:11
0954edaf-225e-4884-a54b-3c828f9ddc33,bosky.school,available,9.99,46.99,medium,low,5,name.com,,,10/08/2026 20:17
a0bb9d61-85da-44a8-a0fe-d3f875a96c01,jesting.school,available,9.99,46.99,high,low,7,name.com,,,22/08/2026 12:52
8cce93c4-3c81-403d-b572-628ac0d90177,decelerate.school,available,36.49,36.49,medium,low,10,namesilo,,,10/09/2026 11:21
9e65e43e-be9c-4530-88dc-ec76feb51da7,ellen.school,available,9.99,,high,low,5,name.com,,,
8ebdda5a-24b0-4842-b819-76828c8871a3,alerting.school,available,36.49,36.49,high,low,8,namesilo,,,18/09/2026 05:27
1f38a948-0c4e-4371-a635-bcc837b12496,nonesuch.school,available,38.48,49.98,medium,low,8,namecheap,,,03/09/2026 20:13
5b1a2d5c-eacd-4613-bd7e-5977d38dc7aa,biplane.school,available,,,high,low,7,,,,23/09/2026 19:18
3b0ffaf9-9396-48d0-9680-48c2b7cad1a8,wet.school,premium,118.8,118.8,high,low,3,namesilo,,,22/09/2026 19:43
31c98d1d-2e54-4a56-b5a2-2140caea0763,montreal.school,premium,140,280,high,low,8,namecheap,,,
0f62b922-f693-4d24-93f8-600bb87e1bcc,agreeably.school,available,38.48,49.98,medium,low,9,namecheap,,,13/09/2026 18:22
07095e03-1e94-4dd8-af5d-08f5483edb33,conquering.school,available,38.48,49.98,high,low,10,namecheap,,,24/09/2026 17:24
035506e6-c1f2-40d1-bcc1-d97df8ee4648,agrarian.school,available,9.99,46.99,high,low,8,name.com,,,
b37e7a30-bc8e-4f41-a000-92fb637e7460,amusingly.school,available,36.49,36.49,medium,low,9,namesilo,,,13/09/2026 19:40
e097e4d5-acaf-4973-86ba-bc80b45e93c5,rae.school,premium,64.35,128.7,high,low,3,namecheap,,,27/09/2026 01:43
82a1dce5-a888-45be-ace0-9653ea9cb704,widely.school,available,9.99,,high,low,6,name.com,,,
e537041a-9356-4f73-9d45-48c9ef696c8b,arcturus.school,available,36.49,36.49,medium,low,8,namesilo,,,20/09/2026 03:01
d9cead1e-8674-4508-8396-e3dbd0180efd,doubtful.school,available,36.49,36.49,high,low,8,namesilo,,,24/09/2026 11:52
9c8647ed-023d-405a-a538-cc4e92975ca9,chanukah.school,available,9.99,,high,low,8,name.com,,,
2d9612e7-cb68-402b-a74f-0785b534c30b,sternly.school,available,36.49,36.49,medium,low,7,namesilo,,,16/09/2026 07:01
b82734b1-90f4-431b-bb94-af0281fe041e,pretty.school,available,36.49,36.49,high,low,6,namesilo,,,25/09/2026 12:04
18381745-3c72-44e4-8fb8-a4a32b524523,herakles.school,available,36.49,36.49,high,low,8,namesilo,,,18/09/2026 04:05
571e75b7-e9f7-4977-832f-efb79ea01572,assort.school,available,36.49,36.49,high,low,6,namesilo,,,17/09/2026 14:23
cd8865c9-91de-48e7-89b4-9400d3e7441f,fearful.school,available,36.49,36.49,medium,low,7,namesilo,,,24/09/2026 01:08
5fdd3f23-5c29-47db-9c24-73d226efbd6a,microwave.school,available,9.99,,high,low,9,name.com,,,
adf5bd3f-efb2-4308-b14a-bf2923099b74,mediate.school,available,9.99,46.99,high,low,7,name.com,,,21/08/2026 23:37
7c9c6fc8-f3b4-442c-82a0-895941fda9ab,slapdash.school,available,36.49,36.49,medium,low,8,namesilo,,,10/09/2026 09:57
f01e9459-4a2a-4aa9-a693-fc557084cfd3,vixenish.school,available,36.49,36.49,medium,low,8,namesilo,,,13/09/2026 06:24
51bd2e00-4082-4cff-bb50-c6e5a2fa8b76,asat.school,available,9.99,46.99,medium,low,4,name.com,,,05/08/2026 19:31
d36b70d5-0684-40aa-9a5c-b67629e4ce2b,suppose.school,available,9.99,,high,low,7,name.com,,,
59a776be-1978-4ee6-8440-23c29a5aac43,vermillion.school,available,9.99,46.99,medium,low,10,name.com,,,12/08/2026 05:47
a12217d2-74a7-4391-befe-8e305ec04bbb,splashed.school,available,9.99,46.99,high,low,8,name.com,,,13/08/2026 15:18
1165c496-da61-4958-a36f-8e3345cf6677,dais.school,available,36.49,36.49,high,low,4,namesilo,,,18/09/2026 17:12
ed088cb4-0ffa-46b8-9062-f7e9dd03cd48,ornery.school,available,9.99,46.99,medium,low,6,name.com,,,13/08/2026 08:28
9b7151b2-3fb1-4903-a17f-e0db88e93395,baboo.school,available,36.49,36.49,high,low,5,namesilo,,,21/09/2026 12:51
66f59967-9315-458f-8ea8-6b2382a25a1b,susurrous.school,available,36.49,36.49,medium,low,9,namesilo,,,03/09/2026 11:24
5ad491d0-af45-4aba-bb9c-522b71a8d176,valuable.school,available,9.99,,high,low,8,name.com,,,
610f86cd-f8c6-4e38-a853-2d069213139e,confidence.school,resell,,,high,low,10,"Xiamen ChinaSource Internet Service Co., Ltd",14/02/2025 15:15,14/02/2027 15:15,26/09/2026 05:11
9a44b4bd-222a-4f99-b757-ea8a7780e53e,shadow.school,available,9.99,,high,low,6,name.com,,,
0aac2ab0-90fe-4f77-a372-eedf81e4d379,postwar.school,available,36.49,36.49,medium,low,7,namesilo,,,09/09/2026 00:42
66bc7e1a-189d-4a05-aa8e-b22578bc074c,armagnac.school,available,36.49,36.49,medium,low,8,namesilo,,,20/09/2026 06:29
f591e9d6-34a2-4734-99bd-04e9c6d1a810,keyserver.school,available,9.99,,medium,low,10,name.com,,,
3fdfb193-3efd-4314-8053-2ca2b2a15c9d,boon.school,available,9.99,46.99,high,low,4,name.com,,,10/08/2026 19:24
dfaac8c3-2686-44ee-b0ab-335ab8a1b4e0,generators.school,available,9.99,,medium,low,10,name.com,,,
5d7ebe1d-b2eb-4200-abeb-0653b6fced95,actinism.school,available,36.49,36.49,medium,low,8,namesilo,,,17/09/2026 04:50
340f9200-2aea-4d37-9975-d10dfa8ff589,antakya.school,available,38.48,49.98,medium,low,7,namecheap,,,19/09/2026 12:30
ecba7bc5-18fa-47f6-b77d-a3b90c78733f,crusty.school,available,9.99,46.99,high,low,6,name.com,,,13/08/2026 09:26
f1c4891c-ee22-4ce7-988c-045353eaa403,adhocracy.school,available,38.48,49.98,medium,low,9,namecheap,,,17/09/2026 08:02
416a9c4f-5afe-4700-8b36-0fbc51ba624d,hexangular.school,available,9.99,46.99,medium,low,10,name.com,,,21/08/2026 07:48
0559921c-f80e-4b1b-a5e8-e89433093407,bahamas.school,available,,,high,high,7,,,,
096c7bc3-7f9a-410a-a459-a745dbe3566a,profligate.school,available,9.99,46.99,medium,low,10,name.com,,,13/08/2026 20:24
4a5ef760-2b56-4380-9c57-eff2155e0ca3,graph.school,available,9.99,,high,low,5,name.com,,,
1169faec-6fb8-4caf-bf8a-3cdfd366dcbd,geek.school,resell,,,high,low,4,"Sav.com, LLC",04/03/2025 17:07,04/03/2027 17:07,26/09/2026 06:20
1b6c3fd4-8237-4a4d-bea8-8d8e89fde4c8,bearnaise.school,available,38.48,49.98,medium,low,9,namecheap,,,22/09/2026 21:23
e7e1972f-f0e2-4efe-ba40-b35f3ea0e262,anyhow.school,available,38.48,49.98,medium,low,6,namecheap,,,13/09/2026 20:11
3b744c9d-5f31-4f20-bace-97f0d1cfbc9f,devotion.school,available,9.99,,high,low,8,name.com,,,
032127d7-5867-42eb-95b2-2e8aa9778ca1,endure.school,available,9.99,46.99,high,low,6,name.com,,,11/08/2026 02:41
2b22056f-4d2f-444b-b013-c9926ea2e201,archeology.school,available,38.48,49.98,high,low,10,namecheap,,,20/09/2026 01:43
e44703fe-f2db-4229-9025-e34047734a2f,innermost.school,available,9.99,46.99,medium,low,9,name.com,,,22/08/2026 05:53
dc0d70cb-d893-42b6-96c6-f04e3e0fd9bf,raymond.school,available,38.48,49.98,high,low,7,namecheap,,,25/09/2026 19:12
15e0b2b1-4bf2-4b11-a33d-1e5fdd54df44,decreasing.school,available,9.99,46.99,medium,low,10,name.com,,,13/08/2026 22:12
1a9604e3-a34f-4f7a-9428-af09ec28eedb,legible.school,available,9.99,46.99,high,low,7,name.com,,,22/08/2026 22:59
ad4978f1-9981-44b6-b6e6-82fdd04f91b9,deity.school,available,38.48,49.98,high,low,5,namecheap,,,24/09/2026 21:23
b1c922f1-b94c-4eb7-a39f-ac202afc4223,depicted.school,available,9.99,46.99,medium,low,8,name.com,,,14/08/2026 02:12
d3f86279-5ad0-4bca-88be-674ac5aa82c2,gaps.school,available,36.49,36.49,medium,low,4,namesilo,,,20/09/2026 11:47
77e687ce-197a-492f-8e94-f8550629a54b,nickelodeon.school,available,9.99,,high,low,11,name.com,,,
13ecca59-4da8-47ba-ad17-f197b6e579b5,terminators.school,available,36.49,36.49,low,low,11,namesilo,,,20/09/2026 12:06
b89b5df7-9f85-4a34-a7ae-a35fd3b7d430,whitefish.school,available,9.99,,high,low,10,name.com,,,
3d20ff28-550b-469e-a72a-0a04c9c5c5c6,bonfire.school,available,38.48,49.98,high,low,7,namecheap,,,21/09/2026 21:51
4ec79a17-8284-41a9-a78d-9378ad4149c5,synchronal.school,available,36.49,36.49,medium,low,10,namesilo,,,11/09/2026 06:13
66388a49-8129-4951-ae79-29ecd2561ce3,oxidized.school,available,36.49,36.49,medium,low,8,namesilo,,,04/09/2026 22:25
223b712d-e90c-4172-b941-1f2206a89280,betula.school,available,36.49,36.49,medium,low,6,namesilo,,,23/09/2026 11:52
69b92357-48bb-45d8-adbd-d96937cf0ba0,favorable.school,available,38.48,49.98,high,low,9,namecheap,,,24/09/2026 17:21
04fb37e7-bc64-4ce2-9975-0024e680fe8b,fogey.school,available,9.99,46.99,medium,low,5,name.com,,,18/08/2026 13:10
9f9e0721-2836-47aa-a6d8-aa03cad30ef2,expendable.school,available,9.99,46.99,high,low,10,name.com,,,17/08/2026 18:08
f1bc2b08-9d52-4aa6-8d20-010a71a777fe,wanting.school,available,9.99,,high,low,7,name.com,,,
8c4b939c-50b6-4b20-a9ea-caac2ae6f518,airtight.school,available,9.99,46.99,high,low,8,name.com,,,
71540fe7-ddec-427e-b80b-2e60d8eeb2c4,bandbox.school,available,38.48,49.98,medium,low,7,namecheap,,,22/09/2026 01:01
aaf2f18d-608c-4404-84ed-32037dacf67c,arts.school,premium,854,854,high,low,4,namesilo,,,23/09/2026 06:35
d30aa4a1-4fc5-4636-935e-0aa31409c982,inducive.school,available,9.99,46.99,medium,low,8,name.com,,,22/08/2026 03:31
52d3f2e5-6383-4021-882a-2b57d5bcce0f,colon.school,available,36.49,36.49,high,low,5,namesilo,,,20/09/2026 15:16
24331588-909a-4179-b18f-dda432b1e37e,asynchrony.school,available,36.49,36.49,medium,low,10,namesilo,,,20/09/2026 18:41
52cd9cc6-afd1-49b2-a6ae-6886a235c460,overdone.school,available,9.99,46.99,medium,low,8,name.com,,,17/08/2026 15:34
a4bd34de-8bdc-48c6-a7e4-d92a4e15490f,spineless.school,available,9.99,46.99,medium,low,9,name.com,,,22/08/2026 08:58
795fa075-e418-47cc-997a-0c27d6fbb1ed,adoptee.school,available,38.48,49.98,high,low,7,namecheap,,,17/09/2026 09:39
617bacd8-a074-46c2-8953-722cc342777c,delicately.school,available,36.49,36.49,high,low,10,namesilo,,,14/09/2026 11:25
c1e937b4-16b4-439f-8fbc-ae2aa6edbdfb,baneful.school,available,9.99,46.99,low,low,7,name.com,,,08/08/2026 09:44
8701e7c5-197a-43fd-ae38-20824397031f,bulimia.school,available,36.49,36.49,medium,low,7,namesilo,,,23/09/2026 17:32
e7ae1138-aa7f-4eb1-ae22-5caa9f60a6ae,needfully.school,available,36.49,36.49,medium,low,9,namesilo,,,15/09/2026 16:20
0a824593-c6be-44a9-ae9f-a72b20d72e59,velvety.school,available,36.49,36.49,high,low,7,namesilo,,,13/09/2026 02:00
66bbc5d8-f0ab-48ec-bc1d-4efb4ddf1607,rubs.school,available,36.49,36.49,medium,low,4,namesilo,,,20/09/2026 09:37
915a6e86-f4db-4037-a35d-fef7ac0efe4d,indelibly.school,available,36.49,36.49,medium,low,9,namesilo,,,15/09/2026 07:53
9646c2bf-b734-48f4-a746-d5281f52b186,unq.school,premium,38.94,38.94,medium,low,3,namesilo,,,20/09/2026 22:06
196ea070-d016-4566-b323-9008df525198,reminder.school,available,9.99,,high,low,8,name.com,,,
5da1b53a-697d-4419-a86f-dd77319f03cf,allergenic.school,available,9.99,46.99,medium,low,10,name.com,,,
e5cce12d-bbc0-43cd-9995-dc809560eff3,corey.school,available,36.49,36.49,high,low,5,namesilo,,,26/09/2026 03:27
b9ad42b1-99f9-4272-bb5d-6f451496bd8f,arbitrager.school,available,38.48,49.98,medium,low,10,namecheap,,,20/09/2026 00:30
72e1ee53-367c-43b5-ace0-68b749ef377a,places.school,available,9.99,,high,low,6,name.com,,,
33f88097-85c6-4ad0-835a-6d5190f08a4f,boreal.school,available,9.99,46.99,high,low,6,name.com,,,10/08/2026 19:55
e3b9b103-9c05-43e1-bb99-1d6980ac84bf,unveiled.school,available,36.49,36.49,high,low,8,namesilo,,,12/09/2026 22:05
bd735d73-d538-4770-8375-37ce43888c69,hobble.school,available,9.99,46.99,medium,low,6,name.com,,,23/08/2026 13:26
6dc12d8c-eb45-43b5-bd68-b4b24e4d2c8c,bearer.school,available,38.48,49.98,high,low,6,namecheap,,,22/09/2026 21:14
d0e22cab-bf47-4d97-8f51-7c78e2743eba,bighead.school,available,36.49,36.49,medium,low,7,namesilo,,,23/09/2026 15:09
9f2d7891-97de-4d42-ae4f-f9fc845df54f,roadless.school,available,36.49,36.49,medium,low,8,namesilo,,,08/09/2026 10:27
c1aab341-f576-4d6e-b3b4-25e376153d2e,dishwasher.school,available,9.99,,high,low,10,name.com,,,
54ef3dd0-4a3e-4a2a-8615-fe11b6303e9d,successes.school,available,9.99,,medium,low,9,name.com,,,
2fa1c755-e194-41fc-bf5e-eaeb75532387,teddy.school,available,36.49,36.49,high,low,5,namesilo,,,24/09/2026 14:16
9addd6e4-3565-4d6d-85ce-b8acc22cd4f1,manx.school,available,9.99,46.99,high,low,4,name.com,,,24/08/2026 15:32
b465d659-af4c-4a88-b86b-43dd2df48e66,adherent.school,available,9.99,46.99,high,low,8,name.com,,,
0eebf70c-7d5e-4e6c-a7c2-19d146b4d52c,jeer.school,available,9.99,46.99,medium,low,4,name.com,,,22/08/2026 12:37
3bf0410a-f0a2-406f-8c80-4c7c62dd3e28,sunken.school,available,9.99,46.99,medium,low,6,name.com,,,13/08/2026 22:55
0fbca1b1-70b7-4919-b962-98d78346b42b,speedily.school,available,38.48,49.98,medium,low,8,namecheap,,,13/09/2026 20:19
da69c126-6929-4973-9a68-cae005d70325,astacus.school,available,36.49,36.49,medium,low,7,namesilo,,,20/09/2026 16:51
99c497e0-d7bc-4f1a-9331-b97624fc3f43,colleague.school,available,36.49,36.49,high,low,9,namesilo,,,24/09/2026 16:08
8ef65472-8782-4a6e-9029-fcdb13f04bbc,karen.school,available,36.49,36.49,high,low,5,namesilo,,,25/09/2026 08:08
fd03c0cd-f1c2-449e-b241-90a6dac92288,verbalise.school,available,36.49,36.49,medium,low,9,namesilo,,,13/09/2026 00:16
0bba8b08-3484-420f-a493-ea04599fab8f,grumbler.school,available,36.49,36.49,medium,low,8,namesilo,,,23/09/2026 06:49
06085ae7-3ceb-4dfb-8ec1-bf73823a6370,spoilt.school,available,9.99,46.99,medium,low,6,name.com,,,10/08/2026 14:19
c13e2bdb-7419-4626-8803-b538e9bdc752,causally.school,available,36.49,36.49,medium,low,8,namesilo,,,14/09/2026 06:01
f2544e7d-c6d4-4403-8038-00888e4f26d5,sweatshop.school,available,9.99,,medium,low,10,name.com,,,
05de6bb5-8661-464d-9ba1-98e7e7531ca6,fusty.school,available,9.99,46.99,low,low,5,name.com,,,18/08/2026 16:42
894b5932-48ee-4a18-b149-e7617995b920,disgrace.school,available,9.99,,high,low,8,name.com,,,
5e9b1a22-b266-438b-9300-0fba610fffa0,hangnail.school,available,38.48,49.98,medium,low,8,namecheap,,,17/09/2026 18:26
09246511-2648-44e2-818a-dae227f69e17,reformer.school,available,36.49,36.49,high,low,8,namesilo,,,19/09/2026 15:23
97c2bbae-659e-4d29-9b2f-adbfc5d9c266,yourself.school,available,36.49,36.49,high,low,8,namesilo,,,25/09/2026 12:53
869707d2-9110-4941-a8bc-979281642558,avon.school,available,9.99,,high,low,4,name.com,,,
cb3a672f-57b1-47a0-9ae5-b9378006e7cb,agni.school,available,38.48,49.98,medium,low,4,namecheap,,,17/09/2026 18:43
e9a5cca6-0284-4c8b-a816-123fd074dae8,palsied.school,available,36.49,36.49,medium,low,7,namesilo,,,05/09/2026 00:19
586f1c7b-dc68-4212-8484-6be7a531cd8f,fag.school,premium,21.45,42.9,high,low,3,namecheap,,,09/09/2026 08:03
202f700d-32b2-4b72-bb58-c0ef8adc570e,retired.school,available,9.99,,high,low,7,name.com,,,
cc8be1d3-ff82-4917-a765-f9649151d296,rhetorical.school,available,36.49,36.49,high,low,10,namesilo,,,09/09/2026 16:37
1e2b202a-c480-474b-8000-d9bfbfd94aa5,apr.school,premium,118.8,118.8,high,low,3,namesilo,,,19/09/2026 22:28
c93ef1db-a1d8-4b9a-924a-0e52675e5c03,eroding.school,available,36.49,36.49,medium,low,7,namesilo,,,13/09/2026 09:08
bd939806-0f6e-425d-9834-2bc012ab2d74,accursed.school,available,9.99,46.99,medium,low,8,name.com,,,
4812a8b0-5acb-433e-919b-6624b7a40936,file.school,available,38.48,49.98,high,medium,4,namecheap,,,24/09/2026 21:00
f4488d90-7036-475f-ae8e-7cf750c70570,succinct.school,available,36.49,36.49,high,low,8,namesilo,,,23/09/2026 17:07
94044746-ae70-4b25-998b-68b096d4b8ac,gusto.school,available,9.99,,high,low,5,name.com,,,
cd91f726-ebf4-4d83-9f66-5331c7ed88a8,abbess.school,available,36.49,36.49,medium,low,6,namesilo,,,16/09/2026 14:23
8ae441af-b3c1-4101-8629-2267cf33e370,disastrous.school,available,9.99,46.99,medium,low,10,name.com,,,11/08/2026 13:30
d6b1d62d-3165-4bf3-babf-e97d1f42d004,bhutani.school,available,9.99,46.99,medium,low,7,name.com,,,09/08/2026 18:26
9edc74f6-5835-46fc-b830-093722d9f5a2,reactive.school,available,36.49,36.49,high,low,8,namesilo,,,09/09/2026 10:56
43a33ee2-d3ca-4252-bd5f-fac0d617a06e,churlish.school,available,9.99,46.99,medium,low,8,name.com,,,12/08/2026 07:49
d9d14464-c81c-46f7-9f70-523282308906,whereabouts.school,available,9.99,,high,low,11,name.com,,,
1c4c6581-f30f-4f5e-bdab-e74d0585ebe0,prevent.school,available,9.99,,high,low,7,name.com,,,
abce0dc4-923a-46de-a3e4-82b8de919bf1,alcoholism.school,available,36.49,36.49,high,low,10,namesilo,,,18/09/2026 04:06
417b9947-be6e-4ec7-99c2-64888f7abfa9,mythic.school,available,36.49,36.49,high,low,6,namesilo,,,03/09/2026 12:29
288ca3b8-b2d1-4d18-b654-acc294f6fe49,briefs.school,available,9.99,,high,low,6,name.com,,,
81c5dfb8-fa55-41c1-9c51-ca00041a6c02,banqueting.school,available,36.49,36.49,high,low,10,namesilo,,,22/09/2026 03:08
78bb2276-6e44-4792-822f-eb93c5e30d84,gip.school,premium,21.45,42.9,medium,low,3,namecheap,,,14/09/2026 08:07
8f28e9f6-5d41-4c6f-961b-16dacb83e9bf,autosexing.school,available,38.48,49.98,medium,low,10,namecheap,,,21/09/2026 07:42
f0b6bf6b-1dcf-43bb-bcf1-5bb97dcbd454,southampton.school,available,36.49,36.49,high,low,11,namesilo,,,25/09/2026 14:27
63acd846-8c9a-48c1-bdb0-15ffd3f9d6ec,wristband.school,available,36.49,36.49,high,low,9,namesilo,,,24/09/2026 07:49
233c3658-922b-43ac-864f-68ffb0634c14,punkey.school,available,38.48,49.98,medium,low,6,namecheap,,,23/09/2026 22:34
5bd670c4-8c27-492b-9b5b-3db7a18623b7,seafaring.school,available,36.49,36.49,medium,low,9,namesilo,,,04/09/2026 00:22
db09dac6-5f62-4e8b-9826-0274c6595c85,poetic.school,available,36.49,36.49,high,low,6,namesilo,,,08/09/2026 22:33
3296efec-e733-452a-8dd7-931b30e5b1fb,georg.school,available,38.48,49.98,high,low,5,namecheap,,,25/09/2026 17:31
d291d981-841d-445b-a48e-e38b17092a9e,slimy.school,available,9.99,46.99,medium,low,5,name.com,,,14/08/2026 04:03
fe2b86f0-d848-427c-95e9-eac7a729c0d2,begetter.school,available,36.49,36.49,medium,low,8,namesilo,,,23/09/2026 02:08
81a5ec32-1e9e-4624-9300-910f21e1bbe8,curator.school,premium,64.35,128.7,high,low,7,namecheap,,,24/09/2026 17:27
37583247-230b-4533-8ce9-03df93a866ca,atropa.school,available,36.49,36.49,medium,low,6,namesilo,,,21/09/2026 00:54
e700faeb-3aeb-4a82-ba56-0fe028dff560,flippant.school,available,9.99,46.99,medium,low,8,name.com,,,18/08/2026 08:32
c55e31f4-8a92-478b-a902-60ad3b1f0254,amur.school,available,36.49,36.49,high,low,4,namesilo,,,19/09/2026 00:13
5d7b054d-9a45-4f8a-beb1-f911098dff4d,capped.school,available,9.99,46.99,medium,low,6,name.com,,,11/08/2026 18:02
e612d6f7-a469-4436-9482-4c58e23bce0b,argil.school,available,36.49,36.49,medium,low,5,namesilo,,,20/09/2026 04:20
723de18a-377e-4d8b-a2f9-3249ad6feda8,travelling.school,available,9.99,,high,low,10,name.com,,,
87330eb8-1d53-4e28-bd51-85a697559ad3,clearance.school,available,,,high,low,9,,,,
e9152fcd-a768-4d91-a398-94b9f707dc32,continuo.school,available,36.49,36.49,medium,low,8,namesilo,,,22/09/2026 12:27
87d90a2d-ac24-4c1a-a56c-c8e7297c5b61,thb.school,premium,123.75,123.75,high,low,3,name.com,,,21/09/2026 14:19
c7366432-d9b9-4ab0-a91b-f7d13d6692d8,fitzgerald.school,available,38.48,49.98,high,low,10,namecheap,,,25/09/2026 05:15
b1ad4f82-134c-45de-bd08-080cbb7fafe7,baldness.school,available,36.49,36.49,medium,low,8,namesilo,,,21/09/2026 21:44
cf074156-71b2-4532-a602-90799c5c06d6,armenian.school,resell,,,high,low,8,"GoDaddy.com, LLC",04/03/2016 17:40,04/03/2027 17:40,26/09/2026 04:01
e2cec7a7-0c60-4b19-b373-5a8eb08b232f,intense.school,available,36.49,36.49,high,low,7,namesilo,,,25/09/2026 09:55
2ee9c7d7-c583-41f9-a9e9-49e0ce621f7e,unwanted.school,available,36.49,36.49,high,low,8,namesilo,,,12/09/2026 07:48
585e5799-a069-4c2c-8ff7-9b7d4abf19a5,mob.school,premium,64.35,128.7,high,low,3,namecheap,,,24/09/2026 19:26
36c4d1ab-8b39-4f68-9a43-6161902391bb,defensible.school,available,9.99,46.99,high,low,10,name.com,,,13/08/2026 23:11
4237bf89-405e-4a0d-8b59-d9ad4a2604b3,component.school,available,38.48,49.98,high,low,9,namecheap,,,23/09/2026 20:58
0ba656be-23ea-47c7-82a3-6c4be357eac2,continuant.school,available,9.99,46.99,medium,low,10,name.com,,,12/08/2026 23:17
b1cef1eb-66f9-4afe-8339-c69130805d7d,genesis.school,resell,,,high,low,7,"GoDaddy.com, LLC",19/12/2018 22:47,19/12/2026 22:47,26/09/2026 06:21
babe3c9d-6207-4325-9a55-dbc3071fca10,overage.school,available,38.48,49.98,high,low,7,namecheap,,,04/09/2026 19:59
1b2cf2a2-9a4a-48c8-a813-de05d5e27fad,abaxial.school,available,9.99,46.99,medium,low,7,name.com,,,
643e5bdf-a568-4199-b847-0b8f968909ba,litoral.school,available,9.99,46.99,medium,low,7,name.com,,,24/08/2026 07:36
de3536b2-851d-4b02-b2fc-d890031d8f21,slowpoke.school,available,38.48,49.98,medium,low,8,namecheap,,,10/09/2026 20:25
335b035c-dce1-4645-af04-e14eab7aaae2,bedevil.school,available,9.99,46.99,medium,low,7,name.com,,,14/08/2026 21:15
9196a03f-8fd6-4839-a9c6-bedf41f4b51a,fourth.school,available,9.99,46.99,high,low,6,name.com,,,
b93cd8ec-b0df-4d7a-99b2-9e4369ad3280,rococo.school,available,38.48,49.98,high,low,6,namecheap,,,09/09/2026 18:12
633be0ea-d1fc-4cd4-a6f7-6e1dec6835cc,blackcock.school,available,38.48,49.98,medium,low,9,namecheap,,,24/09/2026 00:30
290851ef-a847-4455-a6fe-6939e12ca01b,unwitting.school,available,36.49,36.49,medium,low,9,namesilo,,,12/09/2026 14:24
0d92cd67-bca9-431e-9c08-3c50e81d2259,competent.school,available,38.48,49.98,high,low,9,namecheap,,,23/09/2026 17:16
e9ee1399-b888-42ed-b478-588c2ed4c2ea,grassy.school,available,9.99,46.99,high,low,6,name.com,,,20/08/2026 18:20
e32c1b14-143c-4c40-b905-c11b9b57fbbc,congenital.school,available,9.99,46.99,high,low,10,name.com,,,12/08/2026 21:40
519b3fbb-7c80-4c8e-95d4-56e8059c9160,enumerate.school,available,9.99,46.99,medium,low,9,name.com,,,03/09/2026 22:58
de5f7ade-13ce-4198-a93a-1b0cb55c1ad6,matcha.school,available,36.49,36.49,high,medium,6,namesilo,,,23/09/2026 11:32
eb496e93-838f-4942-a415-96d1c37ed8a4,townsend.school,available,36.49,36.49,high,low,8,namesilo,,,25/09/2026 06:09
19100e5b-d491-4405-9401-3d1a369032b7,spin.school,available,9.99,,high,low,4,name.com,,,
90ba8bfc-5508-4401-b70e-70d3691f63cb,disturbed.school,available,9.99,46.99,medium,low,9,name.com,,,11/08/2026 01:48
c4bcafa7-2f68-4e16-ad8b-3b77a2ce89a6,squarish.school,available,36.49,36.49,medium,low,8,namesilo,,,10/09/2026 17:29
2e4e4c32-bbb4-496e-bb62-bc7bb5722640,actuate.school,available,36.49,36.49,high,low,7,namesilo,,,09/09/2026 03:15
1aa1ffce-3d72-401d-b976-2c95979e0d6a,soleless.school,available,36.49,36.49,low,low,8,namesilo,,,10/09/2026 13:37
31693d87-8e49-4686-b231-b5679f32599e,ferret.school,available,36.49,36.49,high,low,6,namesilo,,,23/09/2026 23:49
0a89e04b-b4f5-4016-9148-4bc3e83d0099,nassau.school,available,9.99,,high,low,6,name.com,,,
82e6429e-39e6-4d8c-a7f8-4b67b56843e2,aid.school,premium,69.3,138.6,high,low,3,namecheap,,,
e28a2a5a-d7b4-4b4e-83e5-174f6ee6b193,rightist.school,available,36.49,36.49,medium,low,8,namesilo,,,09/09/2026 17:31
05cc944d-edfe-49a7-ac17-4b26300fbe7f,auricle.school,available,36.49,36.49,medium,low,7,namesilo,,,21/09/2026 00:43
a2ffbe0b-5269-4e99-888d-dbe9df1b12d2,flyaway.school,available,9.99,46.99,medium,low,7,name.com,,,18/08/2026 08:13
c559093c-1c43-4840-9e9a-682fe10a46aa,restructuring.school,available,9.99,,medium,low,13,name.com,,,
46814710-b261-4fa4-8e28-dcb5bf154278,parkin.school,available,38.48,49.98,medium,low,7,namecheap,,,17/09/2026 01:13
4f51edec-3e3e-47d6-a799-4c23a6f0d46c,users.school,available,36.49,36.49,medium,low,5,namesilo,,,17/09/2026 23:19
3a0c5525-d5da-462d-a029-2a5b8de211b1,readable.school,available,9.99,46.99,high,low,8,name.com,,,13/08/2026 21:32
ebe60718-c44b-4d8d-8312-27c2803ad24f,stringent.school,available,36.49,36.49,high,low,9,namesilo,,,10/09/2026 22:40
ec9f0f1e-7a40-4e70-a88d-65ef9ba21d24,stud.school,available,36.49,36.49,high,low,4,namesilo,,,24/09/2026 23:35
6e54c5bb-ede7-44a0-a52e-7170f72fe49c,wavy.school,available,9.99,46.99,high,low,4,name.com,,,13/08/2026 06:54
93190463-3a2b-4f79-90fb-02e28cdc2d3b,buns.school,available,9.99,46.99,medium,low,4,name.com,,,09/08/2026 10:54
4390ebb6-ae19-4b75-8b06-c79a0cc0f1d0,warped.school,available,36.49,36.49,medium,low,6,namesilo,,,13/09/2026 08:27
d78822b6-016b-4f0a-b26b-7efcc7334870,calculable.school,available,9.99,46.99,medium,low,10,name.com,,,11/08/2026 13:54
03d9efbc-fc43-4e23-b8f7-fda07bfc6081,brian.school,available,36.49,36.49,high,medium,5,namesilo,,,25/09/2026 12:08
b4ec463b-3ab7-4421-aa7f-f6f2e2a0ea21,wiper.school,available,38.48,49.98,high,low,5,namecheap,,,24/09/2026 17:39
28f4c30a-0a02-4580-8cc8-cc46812be268,degraded.school,available,9.99,46.99,medium,low,8,name.com,,,13/08/2026 20:17
181dc00d-2ea2-4cd2-9198-fcbea4141fea,appraiser.school,available,36.49,36.49,high,low,9,namesilo,,,19/09/2026 22:12
a5dd8956-bf17-47f2-b41c-888684fea673,moments.school,available,38.48,49.98,medium,low,7,namecheap,,,25/09/2026 20:25
e66d3adf-8dba-491d-9675-51948fa8786f,urethral.school,available,36.49,36.49,medium,low,8,namesilo,,,12/09/2026 23:35
abd1b875-dc5c-414c-8b3f-a816c18778f6,ageism.school,available,36.49,36.49,medium,low,6,namesilo,,,17/09/2026 16:54
59155a71-5559-470f-865c-1fd478f6d693,apiarist.school,available,36.49,36.49,medium,low,8,namesilo,,,19/09/2026 17:19
d2e15783-ed85-47c2-bdb1-3b2994dbaf22,enceinte.school,available,9.99,46.99,medium,low,8,name.com,,,16/08/2026 22:09
6063f35c-4fb7-48ea-aefd-5e53058e7f15,hierarchic.school,available,9.99,46.99,medium,low,10,name.com,,,21/08/2026 08:20
0f14f337-076d-40ca-9366-e00929c59c9d,youthful.school,available,36.49,36.49,high,low,8,namesilo,,,13/09/2026 04:18
c269f072-2ccb-4980-82ae-7942bba90ba7,unadorned.school,available,36.49,36.49,medium,low,9,namesilo,,,11/09/2026 23:54
dd1c500e-a463-422d-9b61-b1f5503db5dc,piffling.school,available,9.99,46.99,low,low,8,name.com,,,18/08/2026 03:35
1564fd55-3413-4373-b556-7c37224d47bb,fluorine.school,available,38.48,49.98,medium,low,8,namecheap,,,21/09/2026 00:03
8ed7e497-0919-4d05-bc49-fe4e5435dc4c,amended.school,available,9.99,46.99,medium,low,7,name.com,,,
5a2b6e44-4dd2-4f93-8a88-0595ce3a101f,aright.school,available,36.49,36.49,high,low,6,namesilo,,,13/09/2026 20:49
59855b7b-36d3-49b0-bcb4-2d8222ab47db,booklover.school,available,38.48,49.98,high,low,9,namecheap,,,23/09/2026 12:51
67019258-0601-4148-9a17-22b29b1bcdaa,morrison.school,available,9.99,46.99,high,low,8,name.com,,,25/09/2026 04:14
761df37f-9efa-432b-8b79-8a7561a64ae0,scientifically.school,available,9.99,,medium,low,14,name.com,,,
a55f0553-34e4-4eb8-8867-296aefda0ae8,octavo.school,available,36.49,36.49,medium,low,6,namesilo,,,16/09/2026 12:43
64c895f7-e45d-4ef8-a417-5ce03abcc555,parhelic.school,available,36.49,36.49,medium,low,8,namesilo,,,08/09/2026 01:31
77dbaf3f-5fc3-405c-94b9-85e242ece8a9,abattoir.school,available,36.49,36.49,medium,low,8,namesilo,,,16/09/2026 14:13
e90988fa-b661-47d1-8e37-5b48e3828430,resultant.school,available,9.99,46.99,high,low,9,name.com,,,
7418a91e-60cd-4c8b-881c-b4b0f71fbef4,seasonable.school,available,36.49,36.49,medium,low,10,namesilo,,,10/09/2026 00:56
055420f9-d4f4-458c-bafb-fd49f6a7361c,drome.school,available,36.49,36.49,high,low,5,namesilo,,,17/09/2026 12:59
e9ca8923-6df0-4b7a-8a27-557edb933e80,antitrust.school,available,9.99,46.99,medium,low,9,name.com,,,
5177bde3-905d-460f-9ce3-4d43cbf9ffc3,hammered.school,available,9.99,46.99,medium,low,8,name.com,,,20/08/2026 22:59
cc409552-6d85-4a61-b980-8695c067c76f,bert.school,available,36.49,36.49,high,low,4,namesilo,,,25/09/2026 14:48
50bfae27-5ea8-433f-95df-fa81e98a60f8,kurt.school,available,36.49,36.49,high,low,4,namesilo,,,25/09/2026 13:27
7c41c52c-cafd-42ca-8308-c8dfc3953a16,revocation.school,available,36.49,36.49,medium,low,10,namesilo,,,19/09/2026 11:02
d7b7dca5-9085-40e3-824e-507ec6951b95,crummy.school,available,9.99,46.99,medium,low,6,name.com,,,11/08/2026 09:02
c3c3ecfe-cb4c-4dac-bacc-f71a9819d206,unknowable.school,available,36.49,36.49,medium,low,10,namesilo,,,12/09/2026 14:17
f8e888be-ad91-422c-bd12-df55844a0af1,spend.school,available,9.99,,high,low,5,name.com,,,
b9bbfc7f-c40b-4ecf-b810-c0944eaf2762,aggregate.school,available,9.99,46.99,high,low,9,name.com,,,
1b978c40-179b-4115-89ca-a3e8b0ac4a24,wed.school,premium,21.45,42.9,high,low,3,namecheap,,,13/09/2026 09:28
6f411b63-1917-47e3-866b-0fb46f45d35d,misplaced.school,available,9.99,46.99,medium,low,9,name.com,,,25/08/2026 01:32
352babb7-f08d-4751-9523-054d0070d340,taco.school,available,9.99,,high,low,4,name.com,,,
187b0ac7-b053-46f2-ada3-2728adc9dc60,conceptual.school,available,9.99,46.99,high,low,10,name.com,,,12/08/2026 20:05
a1b96c8b-a36d-4fea-869c-547acdc9bb1b,beaut.school,available,36.49,36.49,high,low,5,namesilo,,,22/09/2026 22:16
a8f55483-2b46-4789-a314-86b8067cd987,grid.school,resell,,,high,medium,4,"Xiamen ChinaSource Internet Service Co., Ltd",20/02/2025 15:15,20/02/2027 15:15,26/09/2026 06:30
89a70486-b078-4560-82b3-d62598623934,nagging.school,available,36.49,36.49,medium,low,7,namesilo,,,03/09/2026 12:41
4b5ec691-6659-42e8-bb04-e9fdc384b0b4,tethys.school,available,38.48,49.98,medium,low,6,namecheap,,,19/09/2026 17:56
59a1ca80-316e-4024-bef4-5e11b6310f11,xcv.school,premium,21.45,42.9,medium,low,3,namecheap,,,
733bd414-2ff9-4a80-9233-94b6ba871d83,booted.school,available,38.48,49.98,high,low,6,namecheap,,,22/09/2026 23:43
0d7cf08c-ea6f-451f-a395-7b999c030c55,uproar.school,available,9.99,,high,low,6,name.com,,,
139cae75-571c-49d9-93e6-0e493f556106,nidifugous.school,available,36.49,36.49,low,low,10,namesilo,,,03/09/2026 17:08
320bbda7-2bac-466a-bd0c-f6ab55b76f99,gibson.school,available,38.48,49.98,high,low,6,namecheap,,,18/09/2026 14:55
ffe514b7-7e0d-455d-9c59-64d43e1f6d02,laurels.school,available,36.49,36.49,high,low,7,namesilo,,,16/09/2026 22:48
44a8c6fa-4466-4b53-a84e-09ed1d565861,breezy.school,available,36.49,36.49,high,low,6,namesilo,,,22/09/2026 22:40
8a3581c1-76f8-4b67-a205-df25774780ce,birds.school,available,9.99,,high,low,5,name.com,,,
4e8f1151-6082-4214-ba6b-ce7cd5b39dc8,front.school,available,36.49,36.49,high,low,5,namesilo,,,24/09/2026 21:48
f763e497-945f-4da4-81b3-75e704c4fa0a,suck.school,available,9.99,,high,low,4,name.com,,,
0f28028b-8c31-48dc-9275-29ec4c692023,quit.school,available,36.49,36.49,high,low,4,namesilo,,,24/09/2026 13:22
7e3191f0-5fd2-4030-8ee1-7d51f91f4bcc,civilised.school,available,9.99,46.99,high,low,9,name.com,,,12/08/2026 09:08
785b5267-d94e-430e-a893-00afaca9cd16,rimbaud.school,available,36.49,36.49,medium,low,7,namesilo,,,20/09/2026 11:03
41c830d2-2b8e-40a9-a744-151eb841e11a,unsalted.school,available,36.49,36.49,medium,low,8,namesilo,,,12/09/2026 18:45
668f83ed-0619-4586-9beb-17d57ed2e721,homebody.school,available,9.99,46.99,medium,low,8,name.com,,,10/09/2026 19:28
a10b07cb-9113-4718-9b8f-2587e2ff5106,mixture.school,available,36.49,36.49,high,low,7,namesilo,,,25/09/2026 21:57
0398ca55-2460-48b5-b007-7d4993c134c3,middling.school,available,9.99,46.99,medium,low,8,name.com,,,22/08/2026 13:46
ea9e0509-df00-4ae9-9824-f6a825db054a,acetamide.school,available,36.49,36.49,medium,low,9,namesilo,,,16/09/2026 23:49
36d9b91b-b745-4e5e-80d8-3cdd270b10eb,joey.school,available,36.49,36.49,high,low,4,namesilo,,,25/09/2026 11:16
a97f91ed-4da4-4e66-bb50-50f0eb501bd8,consistently.school,available,9.99,,high,low,12,name.com,,,
af55e2c3-1828-4ee2-bb84-3f5588c0fe66,judge.school,available,36.49,36.49,high,low,5,namesilo,,,25/09/2026 05:43
758286d6-80ef-4189-90c0-14a01f1c37d7,blond.school,available,36.49,36.49,high,low,5,namesilo,,,22/09/2026 22:15
daddb929-a61b-46f1-80b1-bce2a9c87fa6,blackcap.school,available,36.49,36.49,medium,low,8,namesilo,,,23/09/2026 23:42
78e9136d-3082-4f02-8713-58020c5fc1b3,thiamin.school,available,36.49,36.49,high,low,7,namesilo,,,19/09/2026 05:39
65825d31-f7e6-4701-bfba-7dd30ff78386,jocund.school,available,9.99,46.99,medium,low,6,name.com,,,22/08/2026 13:40
0672e589-2ccd-4923-adc7-a862537a1536,amphora.school,available,36.49,36.49,high,low,7,namesilo,,,18/09/2026 23:34
43b46bf1-d150-4cdb-a2e3-359fcc0a2f16,afresh.school,available,38.48,49.98,medium,low,6,namecheap,,,13/09/2026 18:01
1af05b1a-c949-47f6-ba34-d6336e808ea6,mania.school,available,9.99,,high,low,5,name.com,,,
cf5f58bc-d5ca-4c0d-b144-6e769a0b42f7,godly.school,available,9.99,46.99,high,low,5,name.com,,,14/08/2026 13:55
6dba328c-feaa-4c6b-b9fc-3b753c17a53d,suspicious.school,available,9.99,46.99,medium,low,10,name.com,,,22/08/2026 22:28
450f3306-8deb-49a7-841a-536e0a2e0385,duplicate.school,available,36.49,36.49,high,low,9,namesilo,,,24/09/2026 11:48
57e77233-7c63-428e-b778-270f6ba0a4e1,never.school,available,9.99,,high,low,5,name.com,,,
a765102e-13b7-4e47-be60-f51fb944145a,creature.school,available,36.49,36.49,high,low,8,namesilo,,,22/09/2026 04:42
206836c7-dd2e-471f-a540-b2b6afa38def,astonished.school,available,38.48,49.98,high,low,10,namecheap,,,22/09/2026 03:35
974d255b-c81f-445a-86af-0af5938b4af3,concise.school,available,38.48,49.98,high,low,7,namecheap,,,23/09/2026 19:03
6ffeb3f3-16db-48d3-8745-9b7ec9eae199,seoul.school,premium,69.3,138.6,high,low,5,namecheap,,,
8304f082-3a67-4504-a359-22882661e0db,spoil.school,available,36.49,36.49,high,low,5,namesilo,,,09/09/2026 08:16
e4173513-c25c-4c6b-a5d0-0e2f62782922,augeas.school,available,36.49,36.49,medium,low,6,namesilo,,,21/09/2026 03:15
991b7512-ef87-45b3-bc54-c81c755acace,cubist.school,available,9.99,46.99,high,low,6,name.com,,,13/08/2026 10:03
51a38234-3e4a-4e11-8b99-3a958ec101d7,albinotic.school,available,9.99,46.99,medium,low,9,name.com,,,
7dc214e0-a4cf-44f3-beac-a7744495872b,wheezy.school,available,9.99,46.99,medium,low,6,name.com,,,07/08/2026 09:31
4613d6de-73e8-47f2-86e8-d1d1d67ddc2b,measurable.school,available,9.99,46.99,high,low,10,name.com,,,24/08/2026 18:27
e557ee5d-1e0a-4eef-b539-879c01da211b,clothed.school,available,9.99,46.99,high,low,7,name.com,,,12/08/2026 09:12
5d16955b-13b9-433e-b010-00aa293a1cf5,watering.school,available,36.49,36.49,high,low,8,namesilo,,,19/09/2026 17:23
6ff4da0d-be97-434b-98ed-cca3f7b6073c,beading.school,available,38.48,49.98,high,low,7,namecheap,,,22/09/2026 19:27
854af2cb-7c66-4fe6-8391-af63d924482d,sacks.school,available,38.48,49.98,medium,low,5,namecheap,,,20/09/2026 18:55
e4cca06b-c121-4146-920c-5ab37d686035,knackered.school,available,9.99,46.99,medium,low,9,name.com,,,22/08/2026 16:23
f916a295-cf9e-4a8c-a2b4-72dee55657af,aeolis.school,available,36.49,36.49,low,low,6,namesilo,,,17/09/2026 12:32
3ee9be70-448c-491d-a983-0c7054f50138,drumhead.school,available,9.99,46.99,medium,low,8,name.com,,,14/08/2026 20:15
8ad46cdf-36b2-4e1e-8488-85d6be0ce3af,futile.school,available,38.48,49.98,medium,low,6,namecheap,,,22/09/2026 23:49
7a776ea1-c300-44e8-93ef-17dfeb76b0b4,sit.school,premium,23.1,46.2,high,low,3,namecheap,,,
10de1aea-fa53-41ea-a33e-814bcc6377b5,have.school,available,36.49,36.49,high,low,4,namesilo,,,26/09/2026 03:37
29934cdc-c88e-4095-b546-c36f0bad18c9,smutty.school,available,9.99,46.99,medium,low,6,name.com,,,13/08/2026 08:53
d49b04db-5869-40eb-b730-d71d9db883ed,hourlong.school,available,9.99,46.99,medium,low,8,name.com,,,21/08/2026 14:22
8c389e61-10fa-45eb-83c5-91041d77a76f,foretoken.school,available,36.49,36.49,medium,low,9,namesilo,,,21/09/2026 03:42
24257462-57de-4fe3-bb24-46ddb98b70d7,blessed.school,available,36.49,36.49,high,low,7,namesilo,,,22/09/2026 18:43
4f592ff0-d1d2-48b6-b871-f1ba2097254f,bromide.school,available,9.99,46.99,medium,low,7,name.com,,,12/08/2026 19:15
944dfdf7-e9b5-409d-820e-65dc59916769,campy.school,available,9.99,46.99,medium,low,5,name.com,,,11/08/2026 15:48
30e1b7d1-7586-4f79-9689-7ec52381be07,diatonic.school,available,9.99,46.99,medium,low,8,name.com,,,14/08/2026 06:21
d08a592d-dc50-4f38-bebf-76564caf2f86,ruinous.school,available,9.99,46.99,medium,low,7,name.com,,,10/08/2026 13:28
7eb775fd-6e49-4965-9332-f28e38c90737,stanch.school,available,38.48,49.98,medium,low,6,namecheap,,,10/09/2026 19:26
2fcc6a5f-a1fd-4cb2-bb3e-82bce6ec6ce2,sounded.school,available,9.99,,medium,low,7,name.com,,,
fd1c0d59-3883-4e44-a790-ee4696dc3fec,arkansan.school,available,38.48,49.98,medium,low,8,namecheap,,,20/09/2026 06:11
6a3ae8a0-c80a-4240-ab54-0126985afacc,bared.school,available,36.49,36.49,medium,low,5,namesilo,,,22/09/2026 17:24
5d193b74-8c0d-4b51-a076-a28a2b67936a,crouch.school,available,36.49,36.49,medium,low,6,namesilo,,,10/09/2026 17:37
af7c2612-6525-4fca-927b-4af5ae774f9b,defamer.school,available,36.49,36.49,medium,low,7,namesilo,,,21/09/2026 15:02
e1750b48-75d1-41e2-9868-07c187a8c0b8,unseasoned.school,available,9.99,46.99,medium,low,10,name.com,,,12/09/2026 18:46
7523db1e-5311-4a8f-8b44-ff9f0b3498f4,rhoda.school,available,9.99,,high,low,5,name.com,,,
3da99de1-9bbb-409a-b143-949cb640416f,levodopa.school,available,36.49,36.49,high,low,8,namesilo,,,23/09/2026 07:46
d0a261b6-f2e0-4849-8093-b7e3b894db76,downriver.school,available,9.99,46.99,medium,low,9,name.com,,,14/08/2026 18:01
233cff19-b04d-4b09-97c0-409fd241c5c2,enlarged.school,available,36.49,36.49,high,low,8,namesilo,,,22/09/2026 22:37
0b231795-3f58-4b32-993c-c943fde017e0,ayrshire.school,available,38.48,49.98,high,low,8,namecheap,,,21/09/2026 10:44
d3a4521d-3b81-4a34-8193-1516c3fb75e8,anopheles.school,available,36.49,36.49,medium,low,9,namesilo,,,19/09/2026 11:39
4d1efc7e-7d4b-4c27-80e1-291d2cdb78cb,ordinance.school,available,36.49,36.49,high,low,9,namesilo,,,09/09/2026 13:13
537f0cff-be07-4071-8ed5-fb9ad572096f,transitions.school,available,9.99,,medium,low,11,name.com,,,
1249c6a6-d69a-4b63-98ba-917c0c00a208,billyho.school,available,36.49,36.49,medium,low,8,namesilo,,,18/09/2026 09:17
0ad1ffa5-5765-477b-a2b4-8bfd5a082e4e,aas.school,premium,21.45,42.9,high,low,3,namecheap,,,16/09/2026 13:41
925fd14b-0846-469b-b2b1-7d389972adb8,truffle.school,available,9.99,,high,low,7,name.com,,,
9437869b-c9e2-41de-91ce-780238184851,juice.school,available,9.99,,high,low,5,name.com,,,
b054858b-13be-4eed-affc-917fb11beb02,explicable.school,available,9.99,46.99,medium,low,10,name.com,,,17/08/2026 18:23
a904b9e9-acd2-4c78-8146-95910bd03496,passable.school,available,38.48,49.98,high,low,8,namecheap,,,24/09/2026 16:16
01a9c37b-225e-4c9b-9b3d-9dc007fe4dab,conformist.school,available,9.99,46.99,medium,low,10,name.com,,,12/08/2026 21:13
5d82493c-e401-4df3-9d61-1910d011a591,newton.school,resell,,,high,low,6,"Chengdu West Dimension Digital Technology Co., Ltd.",27/09/2023 15:15,27/09/2027 15:15,26/09/2026 07:46
d5d3c11b-e864-4410-a8a5-b575a37f4262,washing.school,available,9.99,,high,low,7,name.com,,,
08495506-b1cc-4800-aa7d-e2a8a8628438,suspended.school,available,9.99,46.99,medium,low,9,name.com,,,11/09/2026 04:55
f4b868e1-e901-4c04-949c-e3f37a60b063,capitular.school,available,9.99,46.99,medium,low,9,name.com,,,11/08/2026 17:58
7c1cb2f0-8f4b-45ff-87ad-c4576558368f,buttonlike.school,available,9.99,46.99,medium,low,10,name.com,,,09/08/2026 03:39
f5949ffb-6eac-45d6-b6ea-34d9b93b0e4d,dampish.school,available,9.99,46.99,medium,low,7,name.com,,,13/08/2026 16:41
51d703e7-f10c-4688-b913-9d6864ecaa67,proceeded.school,available,36.49,36.49,medium,low,9,namesilo,,,18/09/2026 01:36
300b56cf-3a1d-43f8-b609-bdbe56514b10,masculine.school,available,36.49,36.49,high,low,9,namesilo,,,25/09/2026 17:05
cbf8d3ea-51af-4e05-bb4d-02a24bacaa54,primes.school,available,36.49,36.49,medium,low,6,namesilo,,,20/09/2026 11:21
ea569556-4211-423b-b457-17068d5063aa,dully.school,available,36.49,36.49,low,low,5,namesilo,,,14/09/2026 14:43
ed4b1a99-cd5c-4245-a0d2-696222f070e3,scrimpy.school,available,9.99,46.99,medium,low,7,name.com,,,24/08/2026 18:10
9ab14ab3-05eb-41be-bec6-dd9436ff92da,loyally.school,available,36.49,36.49,medium,low,7,namesilo,,,15/09/2026 13:02
d9a0dd1d-3a40-49f7-9231-2dbe8a158330,fused.school,available,36.49,36.49,high,low,5,namesilo,,,22/09/2026 03:03
7feac1fe-5895-4d21-a6ba-c60e02593d54,vanadium.school,available,36.49,36.49,medium,low,8,namesilo,,,20/09/2026 22:37
2245756b-d3d8-4d46-ad7f-7e4cd2e6d717,reptile.school,available,36.49,36.49,high,low,7,namesilo,,,09/09/2026 14:41
35628122-ec70-4c4a-9198-e26f9cc0e18a,poole.school,available,36.49,36.49,high,low,5,namesilo,,,25/09/2026 17:31
3f2eb2b1-5560-4892-84f7-fadf070bb056,vantage.school,resell,,,high,medium,7,"Xiamen ChinaSource Internet Service Co., Ltd",15/12/2025 15:15,15/12/2026 15:15,26/09/2026 09:56
da4923be-dffe-4edd-ae7a-fe6890a2ae00,louvered.school,available,9.99,46.99,medium,low,8,name.com,,,24/08/2026 10:04
b33e4101-f542-4578-8885-f542f95b28f6,lxii.school,available,9.99,46.99,medium,low,4,name.com,,,
ab39dc3a-0b8d-4f1c-a2cd-8bb394af927d,uub.school,premium,118.8,118.8,medium,low,3,namesilo,,,20/09/2026 22:14
ff5d16b8-5379-48a8-84e8-f4e27e460231,operose.school,available,9.99,46.99,medium,low,7,name.com,,,06/08/2026 17:05
d9fb70bf-236c-4184-8296-3e2b45d3d41d,brown.school,available,36.49,36.49,high,low,5,namesilo,,,23/09/2026 10:03
7d2d5587-f8d4-49d8-8d07-847bbc9cd552,proofs.school,available,36.49,36.49,medium,low,6,namesilo,,,18/09/2026 06:55
c60beabf-f495-4b27-a0a2-b2b83f8c81a4,forecast.school,available,36.49,36.49,high,low,8,namesilo,,,21/09/2026 03:40
1dd6094a-16b7-41bf-8cac-9861608b5844,allspice.school,available,36.49,36.49,high,low,8,namesilo,,,18/09/2026 12:10
5f3a86d3-d353-43b4-86bb-c660e6a44855,evidential.school,available,9.99,46.99,high,low,10,name.com,,,17/08/2026 15:02
963c576a-7994-40b3-bda1-7cdb7593a35b,ultimo.school,available,36.49,36.49,high,low,6,namesilo,,,11/09/2026 22:47
37a041ac-6ee3-4afc-836d-529c10d2ba9d,taxation.school,premium,69.3,138.6,high,low,8,namecheap,,,
db3d0f0c-7cf4-4591-b7f8-a35ec35249cc,derain.school,available,36.49,36.49,medium,low,6,namesilo,,,19/09/2026 04:09
6bb817fb-c15d-4977-81d3-b29ccaa1d88f,grandchild.school,available,9.99,,high,low,10,name.com,,,
14d85c4f-7bc8-4c94-b3bc-6ed5b6adced9,believe.school,available,36.49,36.49,high,low,7,namesilo,,,24/09/2026 08:26
837bd8bb-c504-476d-b56b-c29c3944f9ae,oakland.school,available,9.99,,high,low,7,name.com,,,